/opt/conda/envs/sam3d/lib/python3.11/site-packages/torch/cuda/__init__.py:58: FutureWarning: The pynvml package is deprecated. Please install nvidia-ml-py instead. If you did not install pynvml directly, please report this to the maintainers of the package that installed pynvml for you.
  import pynvml  # type: ignore[import]
2026-06-10 16:10:45.442 | INFO     | sam3d_objects.pipeline.inference_pipeline:set_attention_backend:17 - GPU name is NVIDIA A100 80GB PCIe
2026-06-10 16:10:58.881 | INFO     | sam3d_objects.model.backbone.tdfy_dit.modules.sparse:__from_env:39 - [SPARSE] Backend: spconv, Attention: sdpa
/opt/conda/envs/sam3d/lib/python3.11/site-packages/spconv/pytorch/functional.py:51: FutureWarning: `torch.cuda.amp.custom_fwd(args...)` is deprecated. Please use `torch.amp.custom_fwd(args..., device_type='cuda')` instead.
  _TORCH_CUSTOM_FWD = amp.custom_fwd(cast_inputs=torch.float16)
/opt/conda/envs/sam3d/lib/python3.11/site-packages/spconv/pytorch/functional.py:100: FutureWarning: `torch.cuda.amp.custom_bwd(args...)` is deprecated. Please use `torch.amp.custom_bwd(args..., device_type='cuda')` instead.
  @_TORCH_CUSTOM_BWD
/opt/conda/envs/sam3d/lib/python3.11/site-packages/spconv/pytorch/functional.py:166: FutureWarning: `torch.cuda.amp.custom_bwd(args...)` is deprecated. Please use `torch.amp.custom_bwd(args..., device_type='cuda')` instead.
  @_TORCH_CUSTOM_BWD
/opt/conda/envs/sam3d/lib/python3.11/site-packages/spconv/pytorch/functional.py:246: FutureWarning: `torch.cuda.amp.custom_bwd(args...)` is deprecated. Please use `torch.amp.custom_bwd(args..., device_type='cuda')` instead.
  @_TORCH_CUSTOM_BWD
/opt/conda/envs/sam3d/lib/python3.11/site-packages/spconv/pytorch/functional.py:335: FutureWarning: `torch.cuda.amp.custom_bwd(args...)` is deprecated. Please use `torch.amp.custom_bwd(args..., device_type='cuda')` instead.
  @_TORCH_CUSTOM_BWD
/opt/conda/envs/sam3d/lib/python3.11/site-packages/spconv/pytorch/functional.py:372: FutureWarning: `torch.cuda.amp.custom_bwd(args...)` is deprecated. Please use `torch.amp.custom_bwd(args..., device_type='cuda')` instead.
  @_TORCH_CUSTOM_BWD
/opt/conda/envs/sam3d/lib/python3.11/site-packages/spconv/pytorch/functional.py:392: FutureWarning: `torch.cuda.amp.custom_bwd(args...)` is deprecated. Please use `torch.amp.custom_bwd(args..., device_type='cuda')` instead.
  @_TORCH_CUSTOM_BWD
/opt/conda/envs/sam3d/lib/python3.11/site-packages/spconv/pytorch/functional.py:415: FutureWarning: `torch.cuda.amp.custom_bwd(args...)` is deprecated. Please use `torch.amp.custom_bwd(args..., device_type='cuda')` instead.
  @_TORCH_CUSTOM_BWD
2026-06-10 16:11:04.810 | INFO     | sam3d_objects.model.backbone.tdfy_dit.modules.attention:__from_env:30 - [ATTENTION] Using backend: sdpa
[SPARSE][CONV] spconv algo: auto
2026-06-10 16:11:10.648 | WARNING  | sam3d_objects.data.dataset.tdfy.preprocessor:__post_init__:51 - No rgb pointmap normalizer provided, using scale + shift 
2026-06-10 16:11:10.648 | WARNING  | sam3d_objects.data.dataset.tdfy.preprocessor:__post_init__:51 - No rgb pointmap normalizer provided, using scale + shift 
2026-06-10 16:11:12.983 | WARNING  | sam3d_objects.data.dataset.tdfy.preprocessor:__post_init__:51 - No rgb pointmap normalizer provided, using scale + shift 
/opt/conda/envs/sam3d/lib/python3.11/site-packages/moge/model/v1.py:171: UserWarning: The following deprecated/invalid arguments are ignored: {'output_mask': True, 'split_head': True}
  warnings.warn(f"The following deprecated/invalid arguments are ignored: {deprecated_kwargs}")
2026-06-10 16:11:17.913 | WARNING  | sam3d_objects.data.dataset.tdfy.preprocessor:__post_init__:51 - No rgb pointmap normalizer provided, using scale + shift 
2026-06-10 16:11:17.914 | INFO     | sam3d_objects.pipeline.inference_pipeline:__init__:102 - self.device: cuda
2026-06-10 16:11:17.914 | INFO     | sam3d_objects.pipeline.inference_pipeline:__init__:103 - CUDA_VISIBLE_DEVICES: None
2026-06-10 16:11:17.914 | INFO     | sam3d_objects.pipeline.inference_pipeline:__init__:104 - Actually using GPU: 0
2026-06-10 16:11:17.914 | INFO     | sam3d_objects.pipeline.inference_pipeline:init_pose_decoder:299 - Using pose decoder: ScaleShiftInvariant
2026-06-10 16:11:17.914 | INFO     | sam3d_objects.pipeline.inference_pipeline:__init__:135 - Loading model weights...
2026-06-10 16:11:26.904 | INFO     | sam3d_objects.model.io:load_model_from_checkpoint:158 - Loading checkpoint from /mnt/source/sam-3d-objects/checkpoints/hf/ss_generator.ckpt
2026-06-10 16:16:35.114 | INFO     | sam3d_objects.model.io:load_model_from_checkpoint:158 - Loading checkpoint from /mnt/source/sam-3d-objects/checkpoints/hf/slat_generator.ckpt
2026-06-10 16:20:07.214 | INFO     | sam3d_objects.model.io:load_model_from_checkpoint:158 - Loading checkpoint from /mnt/source/sam-3d-objects/checkpoints/hf/ss_decoder.ckpt
2026-06-10 16:20:14.344 | INFO     | sam3d_objects.model.io:load_model_from_checkpoint:158 - Loading checkpoint from /mnt/source/sam-3d-objects/checkpoints/hf/slat_decoder_gs.ckpt
2026-06-10 16:20:24.497 | INFO     | sam3d_objects.model.io:load_model_from_checkpoint:158 - Loading checkpoint from /mnt/source/sam-3d-objects/checkpoints/hf/slat_decoder_gs_4.ckpt
2026-06-10 16:20:34.858 | INFO     | sam3d_objects.model.io:load_model_from_checkpoint:158 - Loading checkpoint from /mnt/source/sam-3d-objects/checkpoints/hf/slat_decoder_mesh.ckpt
2026-06-10 16:20:40.101 | INFO     | sam3d_objects.model.backbone.dit.embedder.dino:__init__:31 - Loading DINO model: dinov2_vitl14_reg from facebookresearch/dinov2 (source: github)
2026-06-10 16:20:41.612 | INFO     | sam3d_objects.model.backbone.dit.embedder.dino:__init__:44 - Loaded DINO model - type: <class 'dinov2.models.vision_transformer.DinoVisionTransformer'>, embed_dim: 1024, patch_size: (14, 14)
2026-06-10 16:20:41.615 | INFO     | sam3d_objects.model.backbone.dit.embedder.dino:__init__:31 - Loading DINO model: dinov2_vitl14_reg from facebookresearch/dinov2 (source: github)
2026-06-10 16:20:42.765 | INFO     | sam3d_objects.model.backbone.dit.embedder.dino:__init__:44 - Loaded DINO model - type: <class 'dinov2.models.vision_transformer.DinoVisionTransformer'>, embed_dim: 1024, patch_size: (14, 14)
2026-06-10 16:20:42.774 | INFO     | sam3d_objects.model.io:load_model_from_checkpoint:158 - Loading checkpoint from /mnt/source/sam-3d-objects/checkpoints/hf/ss_generator.ckpt
2026-06-10 16:20:44.644 | INFO     | sam3d_objects.model.backbone.dit.embedder.dino:__init__:31 - Loading DINO model: dinov2_vitl14_reg from facebookresearch/dinov2 (source: github)
2026-06-10 16:20:45.255 | INFO     | sam3d_objects.model.backbone.dit.embedder.dino:__init__:44 - Loaded DINO model - type: <class 'dinov2.models.vision_transformer.DinoVisionTransformer'>, embed_dim: 1024, patch_size: (14, 14)
2026-06-10 16:20:45.293 | INFO     | sam3d_objects.model.backbone.dit.embedder.dino:__init__:31 - Loading DINO model: dinov2_vitl14_reg from facebookresearch/dinov2 (source: github)
2026-06-10 16:20:45.891 | INFO     | sam3d_objects.model.backbone.dit.embedder.dino:__init__:44 - Loaded DINO model - type: <class 'dinov2.models.vision_transformer.DinoVisionTransformer'>, embed_dim: 1024, patch_size: (14, 14)
2026-06-10 16:20:45.898 | INFO     | sam3d_objects.model.io:load_model_from_checkpoint:158 - Loading checkpoint from /mnt/source/sam-3d-objects/checkpoints/hf/slat_generator.ckpt
2026-06-10 16:20:46.799 | INFO     | sam3d_objects.pipeline.inference_pipeline:override_ss_generator_cfg_config:440 - ss_generator parameters: inference_steps=25, cfg_strength=7, cfg_interval=[0, 500], rescale_t=3, cfg_strength_pm=0.0
2026-06-10 16:20:46.799 | INFO     | sam3d_objects.pipeline.inference_pipeline:override_slat_generator_cfg_config:462 - slat_generator parameters: inference_steps=25, cfg_strength=1, cfg_interval=[0, 500], rescale_t=1
2026-06-10 16:20:46.799 | INFO     | sam3d_objects.pipeline.inference_pipeline:__init__:200 - Loading model weights completed!
2026-06-10 16:21:14.961 | INFO     | sam3d_objects.pipeline.inference_pipeline:sample_sparse_structure:672 - Sampling sparse structure: inference_steps=25, strength=7, interval=[0, 500], rescale_t=3, cfg_strength_pm=0.0
2026-06-10 16:21:14.962 | INFO     | sam3d_objects.pipeline.inference_pipeline:get_condition_input:641 - Running condition embedder ...
2026-06-10 16:21:15.090 | INFO     | sam3d_objects.pipeline.inference_pipeline:get_condition_input:645 - Condition embedder finishes!
2026-06-10 16:21:19.129 | INFO     | sam3d_objects.pipeline.inference_pipeline:sample_sparse_structure:722 - Downsampled coords from 22452 to 22348
2026-06-10 16:21:19.142 | INFO     | sam3d_objects.pipeline.inference_pipeline_pointmap:run:457 - Rescaling scale by 1 after downsampling
2026-06-10 16:21:19.142 | INFO     | sam3d_objects.pipeline.inference_pipeline:sample_slat:753 - Sampling sparse latent: inference_steps=25, strength=1, interval=[0, 500], rescale_t=1
2026-06-10 16:21:19.142 | INFO     | sam3d_objects.pipeline.inference_pipeline:get_condition_input:641 - Running condition embedder ...
2026-06-10 16:21:19.175 | INFO     | sam3d_objects.pipeline.inference_pipeline:get_condition_input:645 - Condition embedder finishes!
2026-06-10 16:21:26.361 | INFO     | sam3d_objects.pipeline.inference_pipeline:decode_slat:614 - Decoding sparse latent...
2026-06-10 16:21:38.032 | INFO     | sam3d_objects.pipeline.inference_pipeline:postprocess_slat_output:542 - Postprocessing mesh with option with_mesh_postprocess False, with_texture_baking False...
2026-06-10 16:21:38.032 | INFO     | sam3d_objects.pipeline.inference_pipeline_pointmap:run:579 - Finished!
2026-06-10 16:21:38.183 | INFO     | sam3d_objects.pipeline.inference_pipeline:sample_sparse_structure:672 - Sampling sparse structure: inference_steps=25, strength=7, interval=[0, 500], rescale_t=3, cfg_strength_pm=0.0
2026-06-10 16:21:38.183 | INFO     | sam3d_objects.pipeline.inference_pipeline:get_condition_input:641 - Running condition embedder ...
2026-06-10 16:21:38.239 | INFO     | sam3d_objects.pipeline.inference_pipeline:get_condition_input:645 - Condition embedder finishes!
2026-06-10 16:21:42.297 | INFO     | sam3d_objects.pipeline.inference_pipeline:sample_sparse_structure:722 - Downsampled coords from 22473 to 22366
2026-06-10 16:21:42.300 | INFO     | sam3d_objects.pipeline.inference_pipeline_pointmap:run:457 - Rescaling scale by 1 after downsampling
2026-06-10 16:21:42.300 | INFO     | sam3d_objects.pipeline.inference_pipeline:sample_slat:753 - Sampling sparse latent: inference_steps=25, strength=1, interval=[0, 500], rescale_t=1
2026-06-10 16:21:42.300 | INFO     | sam3d_objects.pipeline.inference_pipeline:get_condition_input:641 - Running condition embedder ...
2026-06-10 16:21:42.333 | INFO     | sam3d_objects.pipeline.inference_pipeline:get_condition_input:645 - Condition embedder finishes!
2026-06-10 16:21:47.675 | INFO     | sam3d_objects.pipeline.inference_pipeline:decode_slat:614 - Decoding sparse latent...
2026-06-10 16:21:48.229 | INFO     | sam3d_objects.pipeline.inference_pipeline:postprocess_slat_output:542 - Postprocessing mesh with option with_mesh_postprocess False, with_texture_baking False...
2026-06-10 16:21:48.229 | INFO     | sam3d_objects.pipeline.inference_pipeline_pointmap:run:579 - Finished!
[  1] bottle   gt_iso=0.159 pred=0.144 rel_gtpm=0.098  moge=0.426
2026-06-10 16:21:49.176 | INFO     | sam3d_objects.pipeline.inference_pipeline:sample_sparse_structure:672 - Sampling sparse structure: inference_steps=25, strength=7, interval=[0, 500], rescale_t=3, cfg_strength_pm=0.0
2026-06-10 16:21:49.177 | INFO     | sam3d_objects.pipeline.inference_pipeline:get_condition_input:641 - Running condition embedder ...
2026-06-10 16:21:49.233 | INFO     | sam3d_objects.pipeline.inference_pipeline:get_condition_input:645 - Condition embedder finishes!
2026-06-10 16:21:53.305 | INFO     | sam3d_objects.pipeline.inference_pipeline:sample_sparse_structure:722 - Downsampled coords from 22611 to 22384
2026-06-10 16:21:53.308 | INFO     | sam3d_objects.pipeline.inference_pipeline_pointmap:run:457 - Rescaling scale by 1 after downsampling
2026-06-10 16:21:53.308 | INFO     | sam3d_objects.pipeline.inference_pipeline:sample_slat:753 - Sampling sparse latent: inference_steps=25, strength=1, interval=[0, 500], rescale_t=1
2026-06-10 16:21:53.308 | INFO     | sam3d_objects.pipeline.inference_pipeline:get_condition_input:641 - Running condition embedder ...
2026-06-10 16:21:53.341 | INFO     | sam3d_objects.pipeline.inference_pipeline:get_condition_input:645 - Condition embedder finishes!
2026-06-10 16:21:58.723 | INFO     | sam3d_objects.pipeline.inference_pipeline:decode_slat:614 - Decoding sparse latent...
2026-06-10 16:21:59.247 | INFO     | sam3d_objects.pipeline.inference_pipeline:postprocess_slat_output:542 - Postprocessing mesh with option with_mesh_postprocess False, with_texture_baking False...
2026-06-10 16:21:59.247 | INFO     | sam3d_objects.pipeline.inference_pipeline_pointmap:run:579 - Finished!
2026-06-10 16:21:59.382 | INFO     | sam3d_objects.pipeline.inference_pipeline:sample_sparse_structure:672 - Sampling sparse structure: inference_steps=25, strength=7, interval=[0, 500], rescale_t=3, cfg_strength_pm=0.0
2026-06-10 16:21:59.382 | INFO     | sam3d_objects.pipeline.inference_pipeline:get_condition_input:641 - Running condition embedder ...
2026-06-10 16:21:59.438 | INFO     | sam3d_objects.pipeline.inference_pipeline:get_condition_input:645 - Condition embedder finishes!
2026-06-10 16:22:03.525 | INFO     | sam3d_objects.pipeline.inference_pipeline:sample_sparse_structure:722 - Downsampled coords from 23127 to 22277
2026-06-10 16:22:03.527 | INFO     | sam3d_objects.pipeline.inference_pipeline_pointmap:run:457 - Rescaling scale by 1 after downsampling
2026-06-10 16:22:03.527 | INFO     | sam3d_objects.pipeline.inference_pipeline:sample_slat:753 - Sampling sparse latent: inference_steps=25, strength=1, interval=[0, 500], rescale_t=1
2026-06-10 16:22:03.527 | INFO     | sam3d_objects.pipeline.inference_pipeline:get_condition_input:641 - Running condition embedder ...
2026-06-10 16:22:03.560 | INFO     | sam3d_objects.pipeline.inference_pipeline:get_condition_input:645 - Condition embedder finishes!
2026-06-10 16:22:08.969 | INFO     | sam3d_objects.pipeline.inference_pipeline:decode_slat:614 - Decoding sparse latent...
2026-06-10 16:22:09.522 | INFO     | sam3d_objects.pipeline.inference_pipeline:postprocess_slat_output:542 - Postprocessing mesh with option with_mesh_postprocess False, with_texture_baking False...
2026-06-10 16:22:09.522 | INFO     | sam3d_objects.pipeline.inference_pipeline_pointmap:run:579 - Finished!
[  2] bottle   gt_iso=0.159 pred=0.156 rel_gtpm=0.019  moge=0.604
2026-06-10 16:22:10.742 | INFO     | sam3d_objects.pipeline.inference_pipeline:sample_sparse_structure:672 - Sampling sparse structure: inference_steps=25, strength=7, interval=[0, 500], rescale_t=3, cfg_strength_pm=0.0
2026-06-10 16:22:10.743 | INFO     | sam3d_objects.pipeline.inference_pipeline:get_condition_input:641 - Running condition embedder ...
2026-06-10 16:22:10.798 | INFO     | sam3d_objects.pipeline.inference_pipeline:get_condition_input:645 - Condition embedder finishes!
2026-06-10 16:22:14.884 | INFO     | sam3d_objects.pipeline.inference_pipeline:sample_sparse_structure:722 - Downsampled coords from 12763 to 11788
2026-06-10 16:22:14.887 | INFO     | sam3d_objects.pipeline.inference_pipeline_pointmap:run:457 - Rescaling scale by 1 after downsampling
2026-06-10 16:22:14.887 | INFO     | sam3d_objects.pipeline.inference_pipeline:sample_slat:753 - Sampling sparse latent: inference_steps=25, strength=1, interval=[0, 500], rescale_t=1
2026-06-10 16:22:14.887 | INFO     | sam3d_objects.pipeline.inference_pipeline:get_condition_input:641 - Running condition embedder ...
2026-06-10 16:22:14.920 | INFO     | sam3d_objects.pipeline.inference_pipeline:get_condition_input:645 - Condition embedder finishes!
2026-06-10 16:22:18.016 | INFO     | sam3d_objects.pipeline.inference_pipeline:decode_slat:614 - Decoding sparse latent...
2026-06-10 16:22:18.230 | INFO     | sam3d_objects.pipeline.inference_pipeline:postprocess_slat_output:542 - Postprocessing mesh with option with_mesh_postprocess False, with_texture_baking False...
2026-06-10 16:22:18.230 | INFO     | sam3d_objects.pipeline.inference_pipeline_pointmap:run:579 - Finished!
2026-06-10 16:22:18.357 | INFO     | sam3d_objects.pipeline.inference_pipeline:sample_sparse_structure:672 - Sampling sparse structure: inference_steps=25, strength=7, interval=[0, 500], rescale_t=3, cfg_strength_pm=0.0
2026-06-10 16:22:18.357 | INFO     | sam3d_objects.pipeline.inference_pipeline:get_condition_input:641 - Running condition embedder ...
2026-06-10 16:22:18.413 | INFO     | sam3d_objects.pipeline.inference_pipeline:get_condition_input:645 - Condition embedder finishes!
2026-06-10 16:22:22.520 | INFO     | sam3d_objects.pipeline.inference_pipeline:sample_sparse_structure:722 - Downsampled coords from 13049 to 12104
2026-06-10 16:22:22.523 | INFO     | sam3d_objects.pipeline.inference_pipeline_pointmap:run:457 - Rescaling scale by 1 after downsampling
2026-06-10 16:22:22.523 | INFO     | sam3d_objects.pipeline.inference_pipeline:sample_slat:753 - Sampling sparse latent: inference_steps=25, strength=1, interval=[0, 500], rescale_t=1
2026-06-10 16:22:22.523 | INFO     | sam3d_objects.pipeline.inference_pipeline:get_condition_input:641 - Running condition embedder ...
2026-06-10 16:22:22.556 | INFO     | sam3d_objects.pipeline.inference_pipeline:get_condition_input:645 - Condition embedder finishes!
2026-06-10 16:22:25.842 | INFO     | sam3d_objects.pipeline.inference_pipeline:decode_slat:614 - Decoding sparse latent...
2026-06-10 16:22:26.053 | INFO     | sam3d_objects.pipeline.inference_pipeline:postprocess_slat_output:542 - Postprocessing mesh with option with_mesh_postprocess False, with_texture_baking False...
2026-06-10 16:22:26.053 | INFO     | sam3d_objects.pipeline.inference_pipeline_pointmap:run:579 - Finished!
[  3] laptop   gt_iso=0.383 pred=0.350 rel_gtpm=0.086  moge=0.349
2026-06-10 16:22:27.385 | INFO     | sam3d_objects.pipeline.inference_pipeline:sample_sparse_structure:672 - Sampling sparse structure: inference_steps=25, strength=7, interval=[0, 500], rescale_t=3, cfg_strength_pm=0.0
2026-06-10 16:22:27.385 | INFO     | sam3d_objects.pipeline.inference_pipeline:get_condition_input:641 - Running condition embedder ...
2026-06-10 16:22:27.441 | INFO     | sam3d_objects.pipeline.inference_pipeline:get_condition_input:645 - Condition embedder finishes!
2026-06-10 16:22:31.539 | INFO     | sam3d_objects.pipeline.inference_pipeline:sample_sparse_structure:722 - Downsampled coords from 18053 to 18039
2026-06-10 16:22:31.542 | INFO     | sam3d_objects.pipeline.inference_pipeline_pointmap:run:457 - Rescaling scale by 1 after downsampling
2026-06-10 16:22:31.542 | INFO     | sam3d_objects.pipeline.inference_pipeline:sample_slat:753 - Sampling sparse latent: inference_steps=25, strength=1, interval=[0, 500], rescale_t=1
2026-06-10 16:22:31.542 | INFO     | sam3d_objects.pipeline.inference_pipeline:get_condition_input:641 - Running condition embedder ...
2026-06-10 16:22:31.575 | INFO     | sam3d_objects.pipeline.inference_pipeline:get_condition_input:645 - Condition embedder finishes!
2026-06-10 16:22:36.226 | INFO     | sam3d_objects.pipeline.inference_pipeline:decode_slat:614 - Decoding sparse latent...
2026-06-10 16:22:36.623 | INFO     | sam3d_objects.pipeline.inference_pipeline:postprocess_slat_output:542 - Postprocessing mesh with option with_mesh_postprocess False, with_texture_baking False...
2026-06-10 16:22:36.623 | INFO     | sam3d_objects.pipeline.inference_pipeline_pointmap:run:579 - Finished!
2026-06-10 16:22:36.978 | INFO     | sam3d_objects.pipeline.inference_pipeline:sample_sparse_structure:672 - Sampling sparse structure: inference_steps=25, strength=7, interval=[0, 500], rescale_t=3, cfg_strength_pm=0.0
2026-06-10 16:22:36.978 | INFO     | sam3d_objects.pipeline.inference_pipeline:get_condition_input:641 - Running condition embedder ...
2026-06-10 16:22:37.033 | INFO     | sam3d_objects.pipeline.inference_pipeline:get_condition_input:645 - Condition embedder finishes!
2026-06-10 16:22:41.135 | INFO     | sam3d_objects.pipeline.inference_pipeline:sample_sparse_structure:722 - Downsampled coords from 18097 to 18084
2026-06-10 16:22:41.138 | INFO     | sam3d_objects.pipeline.inference_pipeline_pointmap:run:457 - Rescaling scale by 1 after downsampling
2026-06-10 16:22:41.138 | INFO     | sam3d_objects.pipeline.inference_pipeline:sample_slat:753 - Sampling sparse latent: inference_steps=25, strength=1, interval=[0, 500], rescale_t=1
2026-06-10 16:22:41.138 | INFO     | sam3d_objects.pipeline.inference_pipeline:get_condition_input:641 - Running condition embedder ...
2026-06-10 16:22:41.171 | INFO     | sam3d_objects.pipeline.inference_pipeline:get_condition_input:645 - Condition embedder finishes!
2026-06-10 16:22:45.815 | INFO     | sam3d_objects.pipeline.inference_pipeline:decode_slat:614 - Decoding sparse latent...
2026-06-10 16:22:46.216 | INFO     | sam3d_objects.pipeline.inference_pipeline:postprocess_slat_output:542 - Postprocessing mesh with option with_mesh_postprocess False, with_texture_baking False...
2026-06-10 16:22:46.217 | INFO     | sam3d_objects.pipeline.inference_pipeline_pointmap:run:579 - Finished!
[  4] bowl     gt_iso=0.143 pred=0.148 rel_gtpm=0.036  moge=1.126
2026-06-10 16:22:47.465 | INFO     | sam3d_objects.pipeline.inference_pipeline:sample_sparse_structure:672 - Sampling sparse structure: inference_steps=25, strength=7, interval=[0, 500], rescale_t=3, cfg_strength_pm=0.0
2026-06-10 16:22:47.465 | INFO     | sam3d_objects.pipeline.inference_pipeline:get_condition_input:641 - Running condition embedder ...
2026-06-10 16:22:47.521 | INFO     | sam3d_objects.pipeline.inference_pipeline:get_condition_input:645 - Condition embedder finishes!
2026-06-10 16:22:51.619 | INFO     | sam3d_objects.pipeline.inference_pipeline:sample_sparse_structure:722 - Downsampled coords from 7849 to 7849
2026-06-10 16:22:51.622 | INFO     | sam3d_objects.pipeline.inference_pipeline_pointmap:run:457 - Rescaling scale by 1 after downsampling
2026-06-10 16:22:51.622 | INFO     | sam3d_objects.pipeline.inference_pipeline:sample_slat:753 - Sampling sparse latent: inference_steps=25, strength=1, interval=[0, 500], rescale_t=1
2026-06-10 16:22:51.622 | INFO     | sam3d_objects.pipeline.inference_pipeline:get_condition_input:641 - Running condition embedder ...
2026-06-10 16:22:51.655 | INFO     | sam3d_objects.pipeline.inference_pipeline:get_condition_input:645 - Condition embedder finishes!
2026-06-10 16:22:54.317 | INFO     | sam3d_objects.pipeline.inference_pipeline:decode_slat:614 - Decoding sparse latent...
2026-06-10 16:22:54.444 | INFO     | sam3d_objects.pipeline.inference_pipeline:postprocess_slat_output:542 - Postprocessing mesh with option with_mesh_postprocess False, with_texture_baking False...
2026-06-10 16:22:54.444 | INFO     | sam3d_objects.pipeline.inference_pipeline_pointmap:run:579 - Finished!
2026-06-10 16:22:54.567 | INFO     | sam3d_objects.pipeline.inference_pipeline:sample_sparse_structure:672 - Sampling sparse structure: inference_steps=25, strength=7, interval=[0, 500], rescale_t=3, cfg_strength_pm=0.0
2026-06-10 16:22:54.567 | INFO     | sam3d_objects.pipeline.inference_pipeline:get_condition_input:641 - Running condition embedder ...
2026-06-10 16:22:54.623 | INFO     | sam3d_objects.pipeline.inference_pipeline:get_condition_input:645 - Condition embedder finishes!
2026-06-10 16:22:58.723 | INFO     | sam3d_objects.pipeline.inference_pipeline:sample_sparse_structure:722 - Downsampled coords from 7806 to 7806
2026-06-10 16:22:58.726 | INFO     | sam3d_objects.pipeline.inference_pipeline_pointmap:run:457 - Rescaling scale by 1 after downsampling
2026-06-10 16:22:58.726 | INFO     | sam3d_objects.pipeline.inference_pipeline:sample_slat:753 - Sampling sparse latent: inference_steps=25, strength=1, interval=[0, 500], rescale_t=1
2026-06-10 16:22:58.726 | INFO     | sam3d_objects.pipeline.inference_pipeline:get_condition_input:641 - Running condition embedder ...
2026-06-10 16:22:58.759 | INFO     | sam3d_objects.pipeline.inference_pipeline:get_condition_input:645 - Condition embedder finishes!
2026-06-10 16:23:01.426 | INFO     | sam3d_objects.pipeline.inference_pipeline:decode_slat:614 - Decoding sparse latent...
2026-06-10 16:23:01.552 | INFO     | sam3d_objects.pipeline.inference_pipeline:postprocess_slat_output:542 - Postprocessing mesh with option with_mesh_postprocess False, with_texture_baking False...
2026-06-10 16:23:01.553 | INFO     | sam3d_objects.pipeline.inference_pipeline_pointmap:run:579 - Finished!
[  5] can      gt_iso=0.130 pred=0.139 rel_gtpm=0.063  moge=1.270
2026-06-10 16:23:02.765 | INFO     | sam3d_objects.pipeline.inference_pipeline:sample_sparse_structure:672 - Sampling sparse structure: inference_steps=25, strength=7, interval=[0, 500], rescale_t=3, cfg_strength_pm=0.0
2026-06-10 16:23:02.765 | INFO     | sam3d_objects.pipeline.inference_pipeline:get_condition_input:641 - Running condition embedder ...
2026-06-10 16:23:02.821 | INFO     | sam3d_objects.pipeline.inference_pipeline:get_condition_input:645 - Condition embedder finishes!
2026-06-10 16:23:06.926 | INFO     | sam3d_objects.pipeline.inference_pipeline:sample_sparse_structure:722 - Downsampled coords from 12917 to 11920
2026-06-10 16:23:06.928 | INFO     | sam3d_objects.pipeline.inference_pipeline_pointmap:run:457 - Rescaling scale by 1 after downsampling
2026-06-10 16:23:06.929 | INFO     | sam3d_objects.pipeline.inference_pipeline:sample_slat:753 - Sampling sparse latent: inference_steps=25, strength=1, interval=[0, 500], rescale_t=1
2026-06-10 16:23:06.929 | INFO     | sam3d_objects.pipeline.inference_pipeline:get_condition_input:641 - Running condition embedder ...
2026-06-10 16:23:06.962 | INFO     | sam3d_objects.pipeline.inference_pipeline:get_condition_input:645 - Condition embedder finishes!
2026-06-10 16:23:10.223 | INFO     | sam3d_objects.pipeline.inference_pipeline:decode_slat:614 - Decoding sparse latent...
2026-06-10 16:23:10.431 | INFO     | sam3d_objects.pipeline.inference_pipeline:postprocess_slat_output:542 - Postprocessing mesh with option with_mesh_postprocess False, with_texture_baking False...
2026-06-10 16:23:10.431 | INFO     | sam3d_objects.pipeline.inference_pipeline_pointmap:run:579 - Finished!
2026-06-10 16:23:10.577 | INFO     | sam3d_objects.pipeline.inference_pipeline:sample_sparse_structure:672 - Sampling sparse structure: inference_steps=25, strength=7, interval=[0, 500], rescale_t=3, cfg_strength_pm=0.0
2026-06-10 16:23:10.577 | INFO     | sam3d_objects.pipeline.inference_pipeline:get_condition_input:641 - Running condition embedder ...
2026-06-10 16:23:10.633 | INFO     | sam3d_objects.pipeline.inference_pipeline:get_condition_input:645 - Condition embedder finishes!
2026-06-10 16:23:14.763 | INFO     | sam3d_objects.pipeline.inference_pipeline:sample_sparse_structure:722 - Downsampled coords from 12849 to 11958
2026-06-10 16:23:14.766 | INFO     | sam3d_objects.pipeline.inference_pipeline_pointmap:run:457 - Rescaling scale by 1 after downsampling
2026-06-10 16:23:14.766 | INFO     | sam3d_objects.pipeline.inference_pipeline:sample_slat:753 - Sampling sparse latent: inference_steps=25, strength=1, interval=[0, 500], rescale_t=1
2026-06-10 16:23:14.767 | INFO     | sam3d_objects.pipeline.inference_pipeline:get_condition_input:641 - Running condition embedder ...
2026-06-10 16:23:14.800 | INFO     | sam3d_objects.pipeline.inference_pipeline:get_condition_input:645 - Condition embedder finishes!
2026-06-10 16:23:18.080 | INFO     | sam3d_objects.pipeline.inference_pipeline:decode_slat:614 - Decoding sparse latent...
2026-06-10 16:23:18.297 | INFO     | sam3d_objects.pipeline.inference_pipeline:postprocess_slat_output:542 - Postprocessing mesh with option with_mesh_postprocess False, with_texture_baking False...
2026-06-10 16:23:18.297 | INFO     | sam3d_objects.pipeline.inference_pipeline_pointmap:run:579 - Finished!
[  6] laptop   gt_iso=0.383 pred=0.325 rel_gtpm=0.150  moge=0.240
2026-06-10 16:23:19.241 | INFO     | sam3d_objects.pipeline.inference_pipeline:sample_sparse_structure:672 - Sampling sparse structure: inference_steps=25, strength=7, interval=[0, 500], rescale_t=3, cfg_strength_pm=0.0
2026-06-10 16:23:19.241 | INFO     | sam3d_objects.pipeline.inference_pipeline:get_condition_input:641 - Running condition embedder ...
2026-06-10 16:23:19.297 | INFO     | sam3d_objects.pipeline.inference_pipeline:get_condition_input:645 - Condition embedder finishes!
2026-06-10 16:23:23.417 | INFO     | sam3d_objects.pipeline.inference_pipeline:sample_sparse_structure:722 - Downsampled coords from 17498 to 17491
2026-06-10 16:23:23.420 | INFO     | sam3d_objects.pipeline.inference_pipeline_pointmap:run:457 - Rescaling scale by 1 after downsampling
2026-06-10 16:23:23.420 | INFO     | sam3d_objects.pipeline.inference_pipeline:sample_slat:753 - Sampling sparse latent: inference_steps=25, strength=1, interval=[0, 500], rescale_t=1
2026-06-10 16:23:23.420 | INFO     | sam3d_objects.pipeline.inference_pipeline:get_condition_input:641 - Running condition embedder ...
2026-06-10 16:23:23.453 | INFO     | sam3d_objects.pipeline.inference_pipeline:get_condition_input:645 - Condition embedder finishes!
2026-06-10 16:23:28.228 | INFO     | sam3d_objects.pipeline.inference_pipeline:decode_slat:614 - Decoding sparse latent...
2026-06-10 16:23:28.611 | INFO     | sam3d_objects.pipeline.inference_pipeline:postprocess_slat_output:542 - Postprocessing mesh with option with_mesh_postprocess False, with_texture_baking False...
2026-06-10 16:23:28.611 | INFO     | sam3d_objects.pipeline.inference_pipeline_pointmap:run:579 - Finished!
2026-06-10 16:23:28.744 | INFO     | sam3d_objects.pipeline.inference_pipeline:sample_sparse_structure:672 - Sampling sparse structure: inference_steps=25, strength=7, interval=[0, 500], rescale_t=3, cfg_strength_pm=0.0
2026-06-10 16:23:28.744 | INFO     | sam3d_objects.pipeline.inference_pipeline:get_condition_input:641 - Running condition embedder ...
2026-06-10 16:23:28.800 | INFO     | sam3d_objects.pipeline.inference_pipeline:get_condition_input:645 - Condition embedder finishes!
2026-06-10 16:23:32.928 | INFO     | sam3d_objects.pipeline.inference_pipeline:sample_sparse_structure:722 - Downsampled coords from 17236 to 17232
2026-06-10 16:23:32.931 | INFO     | sam3d_objects.pipeline.inference_pipeline_pointmap:run:457 - Rescaling scale by 1 after downsampling
2026-06-10 16:23:32.931 | INFO     | sam3d_objects.pipeline.inference_pipeline:sample_slat:753 - Sampling sparse latent: inference_steps=25, strength=1, interval=[0, 500], rescale_t=1
2026-06-10 16:23:32.931 | INFO     | sam3d_objects.pipeline.inference_pipeline:get_condition_input:641 - Running condition embedder ...
2026-06-10 16:23:32.965 | INFO     | sam3d_objects.pipeline.inference_pipeline:get_condition_input:645 - Condition embedder finishes!
2026-06-10 16:23:37.824 | INFO     | sam3d_objects.pipeline.inference_pipeline:decode_slat:614 - Decoding sparse latent...
2026-06-10 16:23:38.175 | INFO     | sam3d_objects.pipeline.inference_pipeline:postprocess_slat_output:542 - Postprocessing mesh with option with_mesh_postprocess False, with_texture_baking False...
2026-06-10 16:23:38.175 | INFO     | sam3d_objects.pipeline.inference_pipeline_pointmap:run:579 - Finished!
[  7] bowl     gt_iso=0.157 pred=0.162 rel_gtpm=0.030  moge=1.209
2026-06-10 16:23:38.919 | INFO     | sam3d_objects.pipeline.inference_pipeline:sample_sparse_structure:672 - Sampling sparse structure: inference_steps=25, strength=7, interval=[0, 500], rescale_t=3, cfg_strength_pm=0.0
2026-06-10 16:23:38.920 | INFO     | sam3d_objects.pipeline.inference_pipeline:get_condition_input:641 - Running condition embedder ...
2026-06-10 16:23:38.976 | INFO     | sam3d_objects.pipeline.inference_pipeline:get_condition_input:645 - Condition embedder finishes!
2026-06-10 16:23:43.107 | INFO     | sam3d_objects.pipeline.inference_pipeline:sample_sparse_structure:722 - Downsampled coords from 20317 to 20314
2026-06-10 16:23:43.110 | INFO     | sam3d_objects.pipeline.inference_pipeline_pointmap:run:457 - Rescaling scale by 1 after downsampling
2026-06-10 16:23:43.110 | INFO     | sam3d_objects.pipeline.inference_pipeline:sample_slat:753 - Sampling sparse latent: inference_steps=25, strength=1, interval=[0, 500], rescale_t=1
2026-06-10 16:23:43.110 | INFO     | sam3d_objects.pipeline.inference_pipeline:get_condition_input:641 - Running condition embedder ...
2026-06-10 16:23:43.143 | INFO     | sam3d_objects.pipeline.inference_pipeline:get_condition_input:645 - Condition embedder finishes!
2026-06-10 16:23:48.705 | INFO     | sam3d_objects.pipeline.inference_pipeline:decode_slat:614 - Decoding sparse latent...
2026-06-10 16:23:49.191 | INFO     | sam3d_objects.pipeline.inference_pipeline:postprocess_slat_output:542 - Postprocessing mesh with option with_mesh_postprocess False, with_texture_baking False...
2026-06-10 16:23:49.191 | INFO     | sam3d_objects.pipeline.inference_pipeline_pointmap:run:579 - Finished!
2026-06-10 16:23:49.335 | INFO     | sam3d_objects.pipeline.inference_pipeline:sample_sparse_structure:672 - Sampling sparse structure: inference_steps=25, strength=7, interval=[0, 500], rescale_t=3, cfg_strength_pm=0.0
2026-06-10 16:23:49.335 | INFO     | sam3d_objects.pipeline.inference_pipeline:get_condition_input:641 - Running condition embedder ...
2026-06-10 16:23:49.391 | INFO     | sam3d_objects.pipeline.inference_pipeline:get_condition_input:645 - Condition embedder finishes!
2026-06-10 16:23:53.541 | INFO     | sam3d_objects.pipeline.inference_pipeline:sample_sparse_structure:722 - Downsampled coords from 20302 to 20299
2026-06-10 16:23:53.544 | INFO     | sam3d_objects.pipeline.inference_pipeline_pointmap:run:457 - Rescaling scale by 1 after downsampling
2026-06-10 16:23:53.544 | INFO     | sam3d_objects.pipeline.inference_pipeline:sample_slat:753 - Sampling sparse latent: inference_steps=25, strength=1, interval=[0, 500], rescale_t=1
2026-06-10 16:23:53.544 | INFO     | sam3d_objects.pipeline.inference_pipeline:get_condition_input:641 - Running condition embedder ...
2026-06-10 16:23:53.577 | INFO     | sam3d_objects.pipeline.inference_pipeline:get_condition_input:645 - Condition embedder finishes!
2026-06-10 16:23:59.126 | INFO     | sam3d_objects.pipeline.inference_pipeline:decode_slat:614 - Decoding sparse latent...
2026-06-10 16:23:59.612 | INFO     | sam3d_objects.pipeline.inference_pipeline:postprocess_slat_output:542 - Postprocessing mesh with option with_mesh_postprocess False, with_texture_baking False...
2026-06-10 16:23:59.612 | INFO     | sam3d_objects.pipeline.inference_pipeline_pointmap:run:579 - Finished!
[  8] cup      gt_iso=0.114 pred=0.134 rel_gtpm=0.181  moge=0.893
2026-06-10 16:24:00.972 | INFO     | sam3d_objects.pipeline.inference_pipeline:sample_sparse_structure:672 - Sampling sparse structure: inference_steps=25, strength=7, interval=[0, 500], rescale_t=3, cfg_strength_pm=0.0
2026-06-10 16:24:00.972 | INFO     | sam3d_objects.pipeline.inference_pipeline:get_condition_input:641 - Running condition embedder ...
2026-06-10 16:24:01.028 | INFO     | sam3d_objects.pipeline.inference_pipeline:get_condition_input:645 - Condition embedder finishes!
2026-06-10 16:24:05.161 | INFO     | sam3d_objects.pipeline.inference_pipeline:sample_sparse_structure:722 - Downsampled coords from 20783 to 20779
2026-06-10 16:24:05.164 | INFO     | sam3d_objects.pipeline.inference_pipeline_pointmap:run:457 - Rescaling scale by 1 after downsampling
2026-06-10 16:24:05.164 | INFO     | sam3d_objects.pipeline.inference_pipeline:sample_slat:753 - Sampling sparse latent: inference_steps=25, strength=1, interval=[0, 500], rescale_t=1
2026-06-10 16:24:05.164 | INFO     | sam3d_objects.pipeline.inference_pipeline:get_condition_input:641 - Running condition embedder ...
2026-06-10 16:24:05.197 | INFO     | sam3d_objects.pipeline.inference_pipeline:get_condition_input:645 - Condition embedder finishes!
2026-06-10 16:24:10.756 | INFO     | sam3d_objects.pipeline.inference_pipeline:decode_slat:614 - Decoding sparse latent...
2026-06-10 16:24:11.262 | INFO     | sam3d_objects.pipeline.inference_pipeline:postprocess_slat_output:542 - Postprocessing mesh with option with_mesh_postprocess False, with_texture_baking False...
2026-06-10 16:24:11.262 | INFO     | sam3d_objects.pipeline.inference_pipeline_pointmap:run:579 - Finished!
2026-06-10 16:24:11.429 | INFO     | sam3d_objects.pipeline.inference_pipeline:sample_sparse_structure:672 - Sampling sparse structure: inference_steps=25, strength=7, interval=[0, 500], rescale_t=3, cfg_strength_pm=0.0
2026-06-10 16:24:11.430 | INFO     | sam3d_objects.pipeline.inference_pipeline:get_condition_input:641 - Running condition embedder ...
2026-06-10 16:24:11.486 | INFO     | sam3d_objects.pipeline.inference_pipeline:get_condition_input:645 - Condition embedder finishes!
2026-06-10 16:24:15.630 | INFO     | sam3d_objects.pipeline.inference_pipeline:sample_sparse_structure:722 - Downsampled coords from 20768 to 20764
2026-06-10 16:24:15.633 | INFO     | sam3d_objects.pipeline.inference_pipeline_pointmap:run:457 - Rescaling scale by 1 after downsampling
2026-06-10 16:24:15.633 | INFO     | sam3d_objects.pipeline.inference_pipeline:sample_slat:753 - Sampling sparse latent: inference_steps=25, strength=1, interval=[0, 500], rescale_t=1
2026-06-10 16:24:15.633 | INFO     | sam3d_objects.pipeline.inference_pipeline:get_condition_input:641 - Running condition embedder ...
2026-06-10 16:24:15.666 | INFO     | sam3d_objects.pipeline.inference_pipeline:get_condition_input:645 - Condition embedder finishes!
2026-06-10 16:24:21.225 | INFO     | sam3d_objects.pipeline.inference_pipeline:decode_slat:614 - Decoding sparse latent...
2026-06-10 16:24:21.731 | INFO     | sam3d_objects.pipeline.inference_pipeline:postprocess_slat_output:542 - Postprocessing mesh with option with_mesh_postprocess False, with_texture_baking False...
2026-06-10 16:24:21.731 | INFO     | sam3d_objects.pipeline.inference_pipeline_pointmap:run:579 - Finished!
[  9] cup      gt_iso=0.127 pred=0.129 rel_gtpm=0.012  moge=0.684
2026-06-10 16:24:21.862 | INFO     | sam3d_objects.pipeline.inference_pipeline:sample_sparse_structure:672 - Sampling sparse structure: inference_steps=25, strength=7, interval=[0, 500], rescale_t=3, cfg_strength_pm=0.0
2026-06-10 16:24:21.863 | INFO     | sam3d_objects.pipeline.inference_pipeline:get_condition_input:641 - Running condition embedder ...
2026-06-10 16:24:21.919 | INFO     | sam3d_objects.pipeline.inference_pipeline:get_condition_input:645 - Condition embedder finishes!
2026-06-10 16:24:26.066 | INFO     | sam3d_objects.pipeline.inference_pipeline:sample_sparse_structure:722 - Downsampled coords from 16979 to 16969
2026-06-10 16:24:26.069 | INFO     | sam3d_objects.pipeline.inference_pipeline_pointmap:run:457 - Rescaling scale by 1 after downsampling
2026-06-10 16:24:26.069 | INFO     | sam3d_objects.pipeline.inference_pipeline:sample_slat:753 - Sampling sparse latent: inference_steps=25, strength=1, interval=[0, 500], rescale_t=1
2026-06-10 16:24:26.069 | INFO     | sam3d_objects.pipeline.inference_pipeline:get_condition_input:641 - Running condition embedder ...
2026-06-10 16:24:26.102 | INFO     | sam3d_objects.pipeline.inference_pipeline:get_condition_input:645 - Condition embedder finishes!
2026-06-10 16:24:30.018 | INFO     | sam3d_objects.pipeline.inference_pipeline:decode_slat:614 - Decoding sparse latent...
2026-06-10 16:24:30.384 | INFO     | sam3d_objects.pipeline.inference_pipeline:postprocess_slat_output:542 - Postprocessing mesh with option with_mesh_postprocess False, with_texture_baking False...
2026-06-10 16:24:30.384 | INFO     | sam3d_objects.pipeline.inference_pipeline_pointmap:run:579 - Finished!
2026-06-10 16:24:30.513 | INFO     | sam3d_objects.pipeline.inference_pipeline:sample_sparse_structure:672 - Sampling sparse structure: inference_steps=25, strength=7, interval=[0, 500], rescale_t=3, cfg_strength_pm=0.0
2026-06-10 16:24:30.513 | INFO     | sam3d_objects.pipeline.inference_pipeline:get_condition_input:641 - Running condition embedder ...
2026-06-10 16:24:30.570 | INFO     | sam3d_objects.pipeline.inference_pipeline:get_condition_input:645 - Condition embedder finishes!
2026-06-10 16:24:34.718 | INFO     | sam3d_objects.pipeline.inference_pipeline:sample_sparse_structure:722 - Downsampled coords from 16979 to 16965
2026-06-10 16:24:34.720 | INFO     | sam3d_objects.pipeline.inference_pipeline_pointmap:run:457 - Rescaling scale by 1 after downsampling
2026-06-10 16:24:34.720 | INFO     | sam3d_objects.pipeline.inference_pipeline:sample_slat:753 - Sampling sparse latent: inference_steps=25, strength=1, interval=[0, 500], rescale_t=1
2026-06-10 16:24:34.721 | INFO     | sam3d_objects.pipeline.inference_pipeline:get_condition_input:641 - Running condition embedder ...
2026-06-10 16:24:34.753 | INFO     | sam3d_objects.pipeline.inference_pipeline:get_condition_input:645 - Condition embedder finishes!
2026-06-10 16:24:38.612 | INFO     | sam3d_objects.pipeline.inference_pipeline:decode_slat:614 - Decoding sparse latent...
2026-06-10 16:24:38.976 | INFO     | sam3d_objects.pipeline.inference_pipeline:postprocess_slat_output:542 - Postprocessing mesh with option with_mesh_postprocess False, with_texture_baking False...
2026-06-10 16:24:38.976 | INFO     | sam3d_objects.pipeline.inference_pipeline_pointmap:run:579 - Finished!
[ 10] cup      gt_iso=0.127 pred=0.146 rel_gtpm=0.150  moge=1.430
2026-06-10 16:24:40.288 | INFO     | sam3d_objects.pipeline.inference_pipeline:sample_sparse_structure:672 - Sampling sparse structure: inference_steps=25, strength=7, interval=[0, 500], rescale_t=3, cfg_strength_pm=0.0
2026-06-10 16:24:40.288 | INFO     | sam3d_objects.pipeline.inference_pipeline:get_condition_input:641 - Running condition embedder ...
2026-06-10 16:24:40.344 | INFO     | sam3d_objects.pipeline.inference_pipeline:get_condition_input:645 - Condition embedder finishes!
2026-06-10 16:24:44.477 | INFO     | sam3d_objects.pipeline.inference_pipeline:sample_sparse_structure:722 - Downsampled coords from 7837 to 7837
2026-06-10 16:24:44.479 | INFO     | sam3d_objects.pipeline.inference_pipeline_pointmap:run:457 - Rescaling scale by 1 after downsampling
2026-06-10 16:24:44.480 | INFO     | sam3d_objects.pipeline.inference_pipeline:sample_slat:753 - Sampling sparse latent: inference_steps=25, strength=1, interval=[0, 500], rescale_t=1
2026-06-10 16:24:44.480 | INFO     | sam3d_objects.pipeline.inference_pipeline:get_condition_input:641 - Running condition embedder ...
2026-06-10 16:24:44.512 | INFO     | sam3d_objects.pipeline.inference_pipeline:get_condition_input:645 - Condition embedder finishes!
2026-06-10 16:24:47.197 | INFO     | sam3d_objects.pipeline.inference_pipeline:decode_slat:614 - Decoding sparse latent...
2026-06-10 16:24:47.325 | INFO     | sam3d_objects.pipeline.inference_pipeline:postprocess_slat_output:542 - Postprocessing mesh with option with_mesh_postprocess False, with_texture_baking False...
2026-06-10 16:24:47.325 | INFO     | sam3d_objects.pipeline.inference_pipeline_pointmap:run:579 - Finished!
2026-06-10 16:24:47.447 | INFO     | sam3d_objects.pipeline.inference_pipeline:sample_sparse_structure:672 - Sampling sparse structure: inference_steps=25, strength=7, interval=[0, 500], rescale_t=3, cfg_strength_pm=0.0
2026-06-10 16:24:47.447 | INFO     | sam3d_objects.pipeline.inference_pipeline:get_condition_input:641 - Running condition embedder ...
2026-06-10 16:24:47.504 | INFO     | sam3d_objects.pipeline.inference_pipeline:get_condition_input:645 - Condition embedder finishes!
2026-06-10 16:24:51.645 | INFO     | sam3d_objects.pipeline.inference_pipeline:sample_sparse_structure:722 - Downsampled coords from 7710 to 7710
2026-06-10 16:24:51.648 | INFO     | sam3d_objects.pipeline.inference_pipeline_pointmap:run:457 - Rescaling scale by 1 after downsampling
2026-06-10 16:24:51.648 | INFO     | sam3d_objects.pipeline.inference_pipeline:sample_slat:753 - Sampling sparse latent: inference_steps=25, strength=1, interval=[0, 500], rescale_t=1
2026-06-10 16:24:51.648 | INFO     | sam3d_objects.pipeline.inference_pipeline:get_condition_input:641 - Running condition embedder ...
2026-06-10 16:24:51.681 | INFO     | sam3d_objects.pipeline.inference_pipeline:get_condition_input:645 - Condition embedder finishes!
2026-06-10 16:24:54.292 | INFO     | sam3d_objects.pipeline.inference_pipeline:decode_slat:614 - Decoding sparse latent...
2026-06-10 16:24:54.417 | INFO     | sam3d_objects.pipeline.inference_pipeline:postprocess_slat_output:542 - Postprocessing mesh with option with_mesh_postprocess False, with_texture_baking False...
2026-06-10 16:24:54.417 | INFO     | sam3d_objects.pipeline.inference_pipeline_pointmap:run:579 - Finished!
[ 11] can      gt_iso=0.130 pred=0.162 rel_gtpm=0.239  moge=0.868
2026-06-10 16:24:55.678 | INFO     | sam3d_objects.pipeline.inference_pipeline:sample_sparse_structure:672 - Sampling sparse structure: inference_steps=25, strength=7, interval=[0, 500], rescale_t=3, cfg_strength_pm=0.0
2026-06-10 16:24:55.678 | INFO     | sam3d_objects.pipeline.inference_pipeline:get_condition_input:641 - Running condition embedder ...
2026-06-10 16:24:55.734 | INFO     | sam3d_objects.pipeline.inference_pipeline:get_condition_input:645 - Condition embedder finishes!
2026-06-10 16:24:59.864 | INFO     | sam3d_objects.pipeline.inference_pipeline:sample_sparse_structure:722 - Downsampled coords from 8408 to 8408
2026-06-10 16:24:59.867 | INFO     | sam3d_objects.pipeline.inference_pipeline_pointmap:run:457 - Rescaling scale by 1 after downsampling
2026-06-10 16:24:59.867 | INFO     | sam3d_objects.pipeline.inference_pipeline:sample_slat:753 - Sampling sparse latent: inference_steps=25, strength=1, interval=[0, 500], rescale_t=1
2026-06-10 16:24:59.867 | INFO     | sam3d_objects.pipeline.inference_pipeline:get_condition_input:641 - Running condition embedder ...
2026-06-10 16:24:59.900 | INFO     | sam3d_objects.pipeline.inference_pipeline:get_condition_input:645 - Condition embedder finishes!
2026-06-10 16:25:02.532 | INFO     | sam3d_objects.pipeline.inference_pipeline:decode_slat:614 - Decoding sparse latent...
2026-06-10 16:25:02.666 | INFO     | sam3d_objects.pipeline.inference_pipeline:postprocess_slat_output:542 - Postprocessing mesh with option with_mesh_postprocess False, with_texture_baking False...
2026-06-10 16:25:02.667 | INFO     | sam3d_objects.pipeline.inference_pipeline_pointmap:run:579 - Finished!
2026-06-10 16:25:02.792 | INFO     | sam3d_objects.pipeline.inference_pipeline:sample_sparse_structure:672 - Sampling sparse structure: inference_steps=25, strength=7, interval=[0, 500], rescale_t=3, cfg_strength_pm=0.0
2026-06-10 16:25:02.792 | INFO     | sam3d_objects.pipeline.inference_pipeline:get_condition_input:641 - Running condition embedder ...
2026-06-10 16:25:02.848 | INFO     | sam3d_objects.pipeline.inference_pipeline:get_condition_input:645 - Condition embedder finishes!
2026-06-10 16:25:06.999 | INFO     | sam3d_objects.pipeline.inference_pipeline:sample_sparse_structure:722 - Downsampled coords from 8407 to 8407
2026-06-10 16:25:07.002 | INFO     | sam3d_objects.pipeline.inference_pipeline_pointmap:run:457 - Rescaling scale by 1 after downsampling
2026-06-10 16:25:07.002 | INFO     | sam3d_objects.pipeline.inference_pipeline:sample_slat:753 - Sampling sparse latent: inference_steps=25, strength=1, interval=[0, 500], rescale_t=1
2026-06-10 16:25:07.002 | INFO     | sam3d_objects.pipeline.inference_pipeline:get_condition_input:641 - Running condition embedder ...
2026-06-10 16:25:07.035 | INFO     | sam3d_objects.pipeline.inference_pipeline:get_condition_input:645 - Condition embedder finishes!
2026-06-10 16:25:09.666 | INFO     | sam3d_objects.pipeline.inference_pipeline:decode_slat:614 - Decoding sparse latent...
2026-06-10 16:25:09.805 | INFO     | sam3d_objects.pipeline.inference_pipeline:postprocess_slat_output:542 - Postprocessing mesh with option with_mesh_postprocess False, with_texture_baking False...
2026-06-10 16:25:09.805 | INFO     | sam3d_objects.pipeline.inference_pipeline_pointmap:run:579 - Finished!
[ 12] can      gt_iso=0.130 pred=0.139 rel_gtpm=0.069  moge=1.225
2026-06-10 16:25:11.112 | INFO     | sam3d_objects.pipeline.inference_pipeline:sample_sparse_structure:672 - Sampling sparse structure: inference_steps=25, strength=7, interval=[0, 500], rescale_t=3, cfg_strength_pm=0.0
2026-06-10 16:25:11.113 | INFO     | sam3d_objects.pipeline.inference_pipeline:get_condition_input:641 - Running condition embedder ...
2026-06-10 16:25:11.168 | INFO     | sam3d_objects.pipeline.inference_pipeline:get_condition_input:645 - Condition embedder finishes!
2026-06-10 16:25:15.297 | INFO     | sam3d_objects.pipeline.inference_pipeline:sample_sparse_structure:722 - Downsampled coords from 7453 to 7451
2026-06-10 16:25:15.300 | INFO     | sam3d_objects.pipeline.inference_pipeline_pointmap:run:457 - Rescaling scale by 1 after downsampling
2026-06-10 16:25:15.300 | INFO     | sam3d_objects.pipeline.inference_pipeline:sample_slat:753 - Sampling sparse latent: inference_steps=25, strength=1, interval=[0, 500], rescale_t=1
2026-06-10 16:25:15.300 | INFO     | sam3d_objects.pipeline.inference_pipeline:get_condition_input:641 - Running condition embedder ...
2026-06-10 16:25:15.332 | INFO     | sam3d_objects.pipeline.inference_pipeline:get_condition_input:645 - Condition embedder finishes!
2026-06-10 16:25:17.942 | INFO     | sam3d_objects.pipeline.inference_pipeline:decode_slat:614 - Decoding sparse latent...
2026-06-10 16:25:18.064 | INFO     | sam3d_objects.pipeline.inference_pipeline:postprocess_slat_output:542 - Postprocessing mesh with option with_mesh_postprocess False, with_texture_baking False...
2026-06-10 16:25:18.064 | INFO     | sam3d_objects.pipeline.inference_pipeline_pointmap:run:579 - Finished!
2026-06-10 16:25:18.186 | INFO     | sam3d_objects.pipeline.inference_pipeline:sample_sparse_structure:672 - Sampling sparse structure: inference_steps=25, strength=7, interval=[0, 500], rescale_t=3, cfg_strength_pm=0.0
2026-06-10 16:25:18.186 | INFO     | sam3d_objects.pipeline.inference_pipeline:get_condition_input:641 - Running condition embedder ...
2026-06-10 16:25:18.243 | INFO     | sam3d_objects.pipeline.inference_pipeline:get_condition_input:645 - Condition embedder finishes!
2026-06-10 16:25:22.388 | INFO     | sam3d_objects.pipeline.inference_pipeline:sample_sparse_structure:722 - Downsampled coords from 6901 to 6901
2026-06-10 16:25:22.391 | INFO     | sam3d_objects.pipeline.inference_pipeline_pointmap:run:457 - Rescaling scale by 1 after downsampling
2026-06-10 16:25:22.391 | INFO     | sam3d_objects.pipeline.inference_pipeline:sample_slat:753 - Sampling sparse latent: inference_steps=25, strength=1, interval=[0, 500], rescale_t=1
2026-06-10 16:25:22.391 | INFO     | sam3d_objects.pipeline.inference_pipeline:get_condition_input:641 - Running condition embedder ...
2026-06-10 16:25:22.424 | INFO     | sam3d_objects.pipeline.inference_pipeline:get_condition_input:645 - Condition embedder finishes!
2026-06-10 16:25:24.402 | INFO     | sam3d_objects.pipeline.inference_pipeline:decode_slat:614 - Decoding sparse latent...
2026-06-10 16:25:24.510 | INFO     | sam3d_objects.pipeline.inference_pipeline:postprocess_slat_output:542 - Postprocessing mesh with option with_mesh_postprocess False, with_texture_baking False...
2026-06-10 16:25:24.510 | INFO     | sam3d_objects.pipeline.inference_pipeline_pointmap:run:579 - Finished!
[ 13] can      gt_iso=0.191 pred=0.206 rel_gtpm=0.078  moge=1.023
2026-06-10 16:25:26.150 | INFO     | sam3d_objects.pipeline.inference_pipeline:sample_sparse_structure:672 - Sampling sparse structure: inference_steps=25, strength=7, interval=[0, 500], rescale_t=3, cfg_strength_pm=0.0
2026-06-10 16:25:26.150 | INFO     | sam3d_objects.pipeline.inference_pipeline:get_condition_input:641 - Running condition embedder ...
2026-06-10 16:25:26.206 | INFO     | sam3d_objects.pipeline.inference_pipeline:get_condition_input:645 - Condition embedder finishes!
2026-06-10 16:25:30.339 | INFO     | sam3d_objects.pipeline.inference_pipeline:sample_sparse_structure:722 - Downsampled coords from 13423 to 12670
2026-06-10 16:25:30.341 | INFO     | sam3d_objects.pipeline.inference_pipeline_pointmap:run:457 - Rescaling scale by 1 after downsampling
2026-06-10 16:25:30.342 | INFO     | sam3d_objects.pipeline.inference_pipeline:sample_slat:753 - Sampling sparse latent: inference_steps=25, strength=1, interval=[0, 500], rescale_t=1
2026-06-10 16:25:30.342 | INFO     | sam3d_objects.pipeline.inference_pipeline:get_condition_input:641 - Running condition embedder ...
2026-06-10 16:25:30.374 | INFO     | sam3d_objects.pipeline.inference_pipeline:get_condition_input:645 - Condition embedder finishes!
2026-06-10 16:25:33.660 | INFO     | sam3d_objects.pipeline.inference_pipeline:decode_slat:614 - Decoding sparse latent...
2026-06-10 16:25:33.894 | INFO     | sam3d_objects.pipeline.inference_pipeline:postprocess_slat_output:542 - Postprocessing mesh with option with_mesh_postprocess False, with_texture_baking False...
2026-06-10 16:25:33.895 | INFO     | sam3d_objects.pipeline.inference_pipeline_pointmap:run:579 - Finished!
2026-06-10 16:25:34.077 | INFO     | sam3d_objects.pipeline.inference_pipeline:sample_sparse_structure:672 - Sampling sparse structure: inference_steps=25, strength=7, interval=[0, 500], rescale_t=3, cfg_strength_pm=0.0
2026-06-10 16:25:34.077 | INFO     | sam3d_objects.pipeline.inference_pipeline:get_condition_input:641 - Running condition embedder ...
2026-06-10 16:25:34.133 | INFO     | sam3d_objects.pipeline.inference_pipeline:get_condition_input:645 - Condition embedder finishes!
2026-06-10 16:25:38.276 | INFO     | sam3d_objects.pipeline.inference_pipeline:sample_sparse_structure:722 - Downsampled coords from 13743 to 12973
2026-06-10 16:25:38.279 | INFO     | sam3d_objects.pipeline.inference_pipeline_pointmap:run:457 - Rescaling scale by 1 after downsampling
2026-06-10 16:25:38.279 | INFO     | sam3d_objects.pipeline.inference_pipeline:sample_slat:753 - Sampling sparse latent: inference_steps=25, strength=1, interval=[0, 500], rescale_t=1
2026-06-10 16:25:38.280 | INFO     | sam3d_objects.pipeline.inference_pipeline:get_condition_input:641 - Running condition embedder ...
2026-06-10 16:25:38.312 | INFO     | sam3d_objects.pipeline.inference_pipeline:get_condition_input:645 - Condition embedder finishes!
2026-06-10 16:25:41.649 | INFO     | sam3d_objects.pipeline.inference_pipeline:decode_slat:614 - Decoding sparse latent...
2026-06-10 16:25:41.891 | INFO     | sam3d_objects.pipeline.inference_pipeline:postprocess_slat_output:542 - Postprocessing mesh with option with_mesh_postprocess False, with_texture_baking False...
2026-06-10 16:25:41.892 | INFO     | sam3d_objects.pipeline.inference_pipeline_pointmap:run:579 - Finished!
[ 14] laptop   gt_iso=0.418 pred=0.478 rel_gtpm=0.144  moge=1.187
2026-06-10 16:25:43.276 | INFO     | sam3d_objects.pipeline.inference_pipeline:sample_sparse_structure:672 - Sampling sparse structure: inference_steps=25, strength=7, interval=[0, 500], rescale_t=3, cfg_strength_pm=0.0
2026-06-10 16:25:43.276 | INFO     | sam3d_objects.pipeline.inference_pipeline:get_condition_input:641 - Running condition embedder ...
2026-06-10 16:25:43.332 | INFO     | sam3d_objects.pipeline.inference_pipeline:get_condition_input:645 - Condition embedder finishes!
2026-06-10 16:25:47.466 | INFO     | sam3d_objects.pipeline.inference_pipeline:sample_sparse_structure:722 - Downsampled coords from 15376 to 12878
2026-06-10 16:25:47.469 | INFO     | sam3d_objects.pipeline.inference_pipeline_pointmap:run:457 - Rescaling scale by 1 after downsampling
2026-06-10 16:25:47.469 | INFO     | sam3d_objects.pipeline.inference_pipeline:sample_slat:753 - Sampling sparse latent: inference_steps=25, strength=1, interval=[0, 500], rescale_t=1
2026-06-10 16:25:47.469 | INFO     | sam3d_objects.pipeline.inference_pipeline:get_condition_input:641 - Running condition embedder ...
2026-06-10 16:25:47.502 | INFO     | sam3d_objects.pipeline.inference_pipeline:get_condition_input:645 - Condition embedder finishes!
2026-06-10 16:25:50.933 | INFO     | sam3d_objects.pipeline.inference_pipeline:decode_slat:614 - Decoding sparse latent...
2026-06-10 16:25:51.174 | INFO     | sam3d_objects.pipeline.inference_pipeline:postprocess_slat_output:542 - Postprocessing mesh with option with_mesh_postprocess False, with_texture_baking False...
2026-06-10 16:25:51.174 | INFO     | sam3d_objects.pipeline.inference_pipeline_pointmap:run:579 - Finished!
2026-06-10 16:25:51.542 | INFO     | sam3d_objects.pipeline.inference_pipeline:sample_sparse_structure:672 - Sampling sparse structure: inference_steps=25, strength=7, interval=[0, 500], rescale_t=3, cfg_strength_pm=0.0
2026-06-10 16:25:51.542 | INFO     | sam3d_objects.pipeline.inference_pipeline:get_condition_input:641 - Running condition embedder ...
2026-06-10 16:25:51.598 | INFO     | sam3d_objects.pipeline.inference_pipeline:get_condition_input:645 - Condition embedder finishes!
2026-06-10 16:25:55.742 | INFO     | sam3d_objects.pipeline.inference_pipeline:sample_sparse_structure:722 - Downsampled coords from 13661 to 12204
2026-06-10 16:25:55.745 | INFO     | sam3d_objects.pipeline.inference_pipeline_pointmap:run:457 - Rescaling scale by 1 after downsampling
2026-06-10 16:25:55.745 | INFO     | sam3d_objects.pipeline.inference_pipeline:sample_slat:753 - Sampling sparse latent: inference_steps=25, strength=1, interval=[0, 500], rescale_t=1
2026-06-10 16:25:55.745 | INFO     | sam3d_objects.pipeline.inference_pipeline:get_condition_input:641 - Running condition embedder ...
2026-06-10 16:25:55.778 | INFO     | sam3d_objects.pipeline.inference_pipeline:get_condition_input:645 - Condition embedder finishes!
2026-06-10 16:25:59.437 | INFO     | sam3d_objects.pipeline.inference_pipeline:decode_slat:614 - Decoding sparse latent...
2026-06-10 16:25:59.660 | INFO     | sam3d_objects.pipeline.inference_pipeline:postprocess_slat_output:542 - Postprocessing mesh with option with_mesh_postprocess False, with_texture_baking False...
2026-06-10 16:25:59.660 | INFO     | sam3d_objects.pipeline.inference_pipeline_pointmap:run:579 - Finished!
[ 15] laptop   gt_iso=0.307 pred=0.312 rel_gtpm=0.016  moge=0.590
2026-06-10 16:26:01.119 | INFO     | sam3d_objects.pipeline.inference_pipeline:sample_sparse_structure:672 - Sampling sparse structure: inference_steps=25, strength=7, interval=[0, 500], rescale_t=3, cfg_strength_pm=0.0
2026-06-10 16:26:01.427 | INFO     | sam3d_objects.pipeline.inference_pipeline:get_condition_input:641 - Running condition embedder ...
2026-06-10 16:26:01.483 | INFO     | sam3d_objects.pipeline.inference_pipeline:get_condition_input:645 - Condition embedder finishes!
2026-06-10 16:26:05.861 | INFO     | sam3d_objects.pipeline.inference_pipeline:sample_sparse_structure:722 - Downsampled coords from 24323 to 24032
2026-06-10 16:26:05.864 | INFO     | sam3d_objects.pipeline.inference_pipeline_pointmap:run:457 - Rescaling scale by 1 after downsampling
2026-06-10 16:26:05.864 | INFO     | sam3d_objects.pipeline.inference_pipeline:sample_slat:753 - Sampling sparse latent: inference_steps=25, strength=1, interval=[0, 500], rescale_t=1
2026-06-10 16:26:05.864 | INFO     | sam3d_objects.pipeline.inference_pipeline:get_condition_input:641 - Running condition embedder ...
2026-06-10 16:26:05.897 | INFO     | sam3d_objects.pipeline.inference_pipeline:get_condition_input:645 - Condition embedder finishes!
2026-06-10 16:26:11.905 | INFO     | sam3d_objects.pipeline.inference_pipeline:decode_slat:614 - Decoding sparse latent...
2026-06-10 16:26:12.504 | INFO     | sam3d_objects.pipeline.inference_pipeline:postprocess_slat_output:542 - Postprocessing mesh with option with_mesh_postprocess False, with_texture_baking False...
2026-06-10 16:26:12.504 | INFO     | sam3d_objects.pipeline.inference_pipeline_pointmap:run:579 - Finished!
2026-06-10 16:26:12.853 | INFO     | sam3d_objects.pipeline.inference_pipeline:sample_sparse_structure:672 - Sampling sparse structure: inference_steps=25, strength=7, interval=[0, 500], rescale_t=3, cfg_strength_pm=0.0
2026-06-10 16:26:12.853 | INFO     | sam3d_objects.pipeline.inference_pipeline:get_condition_input:641 - Running condition embedder ...
2026-06-10 16:26:12.909 | INFO     | sam3d_objects.pipeline.inference_pipeline:get_condition_input:645 - Condition embedder finishes!
2026-06-10 16:26:17.038 | INFO     | sam3d_objects.pipeline.inference_pipeline:sample_sparse_structure:722 - Downsampled coords from 22717 to 22487
2026-06-10 16:26:17.088 | INFO     | sam3d_objects.pipeline.inference_pipeline_pointmap:run:457 - Rescaling scale by 1 after downsampling
2026-06-10 16:26:17.088 | INFO     | sam3d_objects.pipeline.inference_pipeline:sample_slat:753 - Sampling sparse latent: inference_steps=25, strength=1, interval=[0, 500], rescale_t=1
2026-06-10 16:26:17.088 | INFO     | sam3d_objects.pipeline.inference_pipeline:get_condition_input:641 - Running condition embedder ...
2026-06-10 16:26:17.121 | INFO     | sam3d_objects.pipeline.inference_pipeline:get_condition_input:645 - Condition embedder finishes!
2026-06-10 16:26:22.725 | INFO     | sam3d_objects.pipeline.inference_pipeline:decode_slat:614 - Decoding sparse latent...
2026-06-10 16:26:23.295 | INFO     | sam3d_objects.pipeline.inference_pipeline:postprocess_slat_output:542 - Postprocessing mesh with option with_mesh_postprocess False, with_texture_baking False...
2026-06-10 16:26:23.295 | INFO     | sam3d_objects.pipeline.inference_pipeline_pointmap:run:579 - Finished!
[ 16] bottle   gt_iso=0.159 pred=0.149 rel_gtpm=0.066  moge=0.433
2026-06-10 16:26:24.429 | INFO     | sam3d_objects.pipeline.inference_pipeline:sample_sparse_structure:672 - Sampling sparse structure: inference_steps=25, strength=7, interval=[0, 500], rescale_t=3, cfg_strength_pm=0.0
2026-06-10 16:26:24.429 | INFO     | sam3d_objects.pipeline.inference_pipeline:get_condition_input:641 - Running condition embedder ...
2026-06-10 16:26:24.485 | INFO     | sam3d_objects.pipeline.inference_pipeline:get_condition_input:645 - Condition embedder finishes!
2026-06-10 16:26:28.612 | INFO     | sam3d_objects.pipeline.inference_pipeline:sample_sparse_structure:722 - Downsampled coords from 12388 to 11583
2026-06-10 16:26:28.615 | INFO     | sam3d_objects.pipeline.inference_pipeline_pointmap:run:457 - Rescaling scale by 1 after downsampling
2026-06-10 16:26:28.615 | INFO     | sam3d_objects.pipeline.inference_pipeline:sample_slat:753 - Sampling sparse latent: inference_steps=25, strength=1, interval=[0, 500], rescale_t=1
2026-06-10 16:26:28.615 | INFO     | sam3d_objects.pipeline.inference_pipeline:get_condition_input:641 - Running condition embedder ...
2026-06-10 16:26:28.648 | INFO     | sam3d_objects.pipeline.inference_pipeline:get_condition_input:645 - Condition embedder finishes!
2026-06-10 16:26:31.777 | INFO     | sam3d_objects.pipeline.inference_pipeline:decode_slat:614 - Decoding sparse latent...
2026-06-10 16:26:31.987 | INFO     | sam3d_objects.pipeline.inference_pipeline:postprocess_slat_output:542 - Postprocessing mesh with option with_mesh_postprocess False, with_texture_baking False...
2026-06-10 16:26:31.987 | INFO     | sam3d_objects.pipeline.inference_pipeline_pointmap:run:579 - Finished!
2026-06-10 16:26:32.137 | INFO     | sam3d_objects.pipeline.inference_pipeline:sample_sparse_structure:672 - Sampling sparse structure: inference_steps=25, strength=7, interval=[0, 500], rescale_t=3, cfg_strength_pm=0.0
2026-06-10 16:26:32.138 | INFO     | sam3d_objects.pipeline.inference_pipeline:get_condition_input:641 - Running condition embedder ...
2026-06-10 16:26:32.194 | INFO     | sam3d_objects.pipeline.inference_pipeline:get_condition_input:645 - Condition embedder finishes!
2026-06-10 16:26:36.336 | INFO     | sam3d_objects.pipeline.inference_pipeline:sample_sparse_structure:722 - Downsampled coords from 12326 to 11510
2026-06-10 16:26:36.339 | INFO     | sam3d_objects.pipeline.inference_pipeline_pointmap:run:457 - Rescaling scale by 1 after downsampling
2026-06-10 16:26:36.339 | INFO     | sam3d_objects.pipeline.inference_pipeline:sample_slat:753 - Sampling sparse latent: inference_steps=25, strength=1, interval=[0, 500], rescale_t=1
2026-06-10 16:26:36.339 | INFO     | sam3d_objects.pipeline.inference_pipeline:get_condition_input:641 - Running condition embedder ...
2026-06-10 16:26:36.372 | INFO     | sam3d_objects.pipeline.inference_pipeline:get_condition_input:645 - Condition embedder finishes!
2026-06-10 16:26:39.455 | INFO     | sam3d_objects.pipeline.inference_pipeline:decode_slat:614 - Decoding sparse latent...
2026-06-10 16:26:39.658 | INFO     | sam3d_objects.pipeline.inference_pipeline:postprocess_slat_output:542 - Postprocessing mesh with option with_mesh_postprocess False, with_texture_baking False...
2026-06-10 16:26:39.658 | INFO     | sam3d_objects.pipeline.inference_pipeline_pointmap:run:579 - Finished!
[ 17] laptop   gt_iso=0.383 pred=0.346 rel_gtpm=0.096  moge=0.510
2026-06-10 16:26:40.944 | INFO     | sam3d_objects.pipeline.inference_pipeline:sample_sparse_structure:672 - Sampling sparse structure: inference_steps=25, strength=7, interval=[0, 500], rescale_t=3, cfg_strength_pm=0.0
2026-06-10 16:26:40.944 | INFO     | sam3d_objects.pipeline.inference_pipeline:get_condition_input:641 - Running condition embedder ...
2026-06-10 16:26:41.000 | INFO     | sam3d_objects.pipeline.inference_pipeline:get_condition_input:645 - Condition embedder finishes!
2026-06-10 16:26:45.129 | INFO     | sam3d_objects.pipeline.inference_pipeline:sample_sparse_structure:722 - Downsampled coords from 16653 to 15900
2026-06-10 16:26:45.132 | INFO     | sam3d_objects.pipeline.inference_pipeline_pointmap:run:457 - Rescaling scale by 1 after downsampling
2026-06-10 16:26:45.132 | INFO     | sam3d_objects.pipeline.inference_pipeline:sample_slat:753 - Sampling sparse latent: inference_steps=25, strength=1, interval=[0, 500], rescale_t=1
2026-06-10 16:26:45.132 | INFO     | sam3d_objects.pipeline.inference_pipeline:get_condition_input:641 - Running condition embedder ...
2026-06-10 16:26:45.165 | INFO     | sam3d_objects.pipeline.inference_pipeline:get_condition_input:645 - Condition embedder finishes!
2026-06-10 16:26:51.736 | INFO     | sam3d_objects.pipeline.inference_pipeline:decode_slat:614 - Decoding sparse latent...
2026-06-10 16:26:52.238 | INFO     | sam3d_objects.pipeline.inference_pipeline:postprocess_slat_output:542 - Postprocessing mesh with option with_mesh_postprocess False, with_texture_baking False...
2026-06-10 16:26:52.238 | INFO     | sam3d_objects.pipeline.inference_pipeline_pointmap:run:579 - Finished!
2026-06-10 16:26:52.762 | INFO     | sam3d_objects.pipeline.inference_pipeline:sample_sparse_structure:672 - Sampling sparse structure: inference_steps=25, strength=7, interval=[0, 500], rescale_t=3, cfg_strength_pm=0.0
2026-06-10 16:26:52.762 | INFO     | sam3d_objects.pipeline.inference_pipeline:get_condition_input:641 - Running condition embedder ...
2026-06-10 16:26:52.820 | INFO     | sam3d_objects.pipeline.inference_pipeline:get_condition_input:645 - Condition embedder finishes!
2026-06-10 16:26:57.560 | INFO     | sam3d_objects.pipeline.inference_pipeline:sample_sparse_structure:722 - Downsampled coords from 16497 to 15876
2026-06-10 16:26:57.562 | INFO     | sam3d_objects.pipeline.inference_pipeline_pointmap:run:457 - Rescaling scale by 1 after downsampling
2026-06-10 16:26:57.563 | INFO     | sam3d_objects.pipeline.inference_pipeline:sample_slat:753 - Sampling sparse latent: inference_steps=25, strength=1, interval=[0, 500], rescale_t=1
2026-06-10 16:26:57.563 | INFO     | sam3d_objects.pipeline.inference_pipeline:get_condition_input:641 - Running condition embedder ...
2026-06-10 16:26:57.596 | INFO     | sam3d_objects.pipeline.inference_pipeline:get_condition_input:645 - Condition embedder finishes!
2026-06-10 16:27:02.961 | INFO     | sam3d_objects.pipeline.inference_pipeline:decode_slat:614 - Decoding sparse latent...
2026-06-10 16:27:03.290 | INFO     | sam3d_objects.pipeline.inference_pipeline:postprocess_slat_output:542 - Postprocessing mesh with option with_mesh_postprocess False, with_texture_baking False...
2026-06-10 16:27:03.290 | INFO     | sam3d_objects.pipeline.inference_pipeline_pointmap:run:579 - Finished!
[ 18] camera   gt_iso=0.180 pred=0.196 rel_gtpm=0.086  moge=1.485
2026-06-10 16:27:03.353 | INFO     | sam3d_objects.pipeline.inference_pipeline:sample_sparse_structure:672 - Sampling sparse structure: inference_steps=25, strength=7, interval=[0, 500], rescale_t=3, cfg_strength_pm=0.0
2026-06-10 16:27:03.353 | INFO     | sam3d_objects.pipeline.inference_pipeline:get_condition_input:641 - Running condition embedder ...
2026-06-10 16:27:03.410 | INFO     | sam3d_objects.pipeline.inference_pipeline:get_condition_input:645 - Condition embedder finishes!
2026-06-10 16:27:08.027 | INFO     | sam3d_objects.pipeline.inference_pipeline:sample_sparse_structure:722 - Downsampled coords from 20522 to 20516
2026-06-10 16:27:08.030 | INFO     | sam3d_objects.pipeline.inference_pipeline_pointmap:run:457 - Rescaling scale by 1 after downsampling
2026-06-10 16:27:08.030 | INFO     | sam3d_objects.pipeline.inference_pipeline:sample_slat:753 - Sampling sparse latent: inference_steps=25, strength=1, interval=[0, 500], rescale_t=1
2026-06-10 16:27:08.030 | INFO     | sam3d_objects.pipeline.inference_pipeline:get_condition_input:641 - Running condition embedder ...
2026-06-10 16:27:08.063 | INFO     | sam3d_objects.pipeline.inference_pipeline:get_condition_input:645 - Condition embedder finishes!
2026-06-10 16:27:13.985 | INFO     | sam3d_objects.pipeline.inference_pipeline:decode_slat:614 - Decoding sparse latent...
2026-06-10 16:27:14.598 | INFO     | sam3d_objects.pipeline.inference_pipeline:postprocess_slat_output:542 - Postprocessing mesh with option with_mesh_postprocess False, with_texture_baking False...
2026-06-10 16:27:14.598 | INFO     | sam3d_objects.pipeline.inference_pipeline_pointmap:run:579 - Finished!
2026-06-10 16:27:14.735 | INFO     | sam3d_objects.pipeline.inference_pipeline:sample_sparse_structure:672 - Sampling sparse structure: inference_steps=25, strength=7, interval=[0, 500], rescale_t=3, cfg_strength_pm=0.0
2026-06-10 16:27:14.735 | INFO     | sam3d_objects.pipeline.inference_pipeline:get_condition_input:641 - Running condition embedder ...
2026-06-10 16:27:14.791 | INFO     | sam3d_objects.pipeline.inference_pipeline:get_condition_input:645 - Condition embedder finishes!
2026-06-10 16:27:19.423 | INFO     | sam3d_objects.pipeline.inference_pipeline:sample_sparse_structure:722 - Downsampled coords from 20749 to 20746
2026-06-10 16:27:19.425 | INFO     | sam3d_objects.pipeline.inference_pipeline_pointmap:run:457 - Rescaling scale by 1 after downsampling
2026-06-10 16:27:19.426 | INFO     | sam3d_objects.pipeline.inference_pipeline:sample_slat:753 - Sampling sparse latent: inference_steps=25, strength=1, interval=[0, 500], rescale_t=1
2026-06-10 16:27:19.426 | INFO     | sam3d_objects.pipeline.inference_pipeline:get_condition_input:641 - Running condition embedder ...
2026-06-10 16:27:19.459 | INFO     | sam3d_objects.pipeline.inference_pipeline:get_condition_input:645 - Condition embedder finishes!
2026-06-10 16:27:25.489 | INFO     | sam3d_objects.pipeline.inference_pipeline:decode_slat:614 - Decoding sparse latent...
2026-06-10 16:27:26.015 | INFO     | sam3d_objects.pipeline.inference_pipeline:postprocess_slat_output:542 - Postprocessing mesh with option with_mesh_postprocess False, with_texture_baking False...
2026-06-10 16:27:26.015 | INFO     | sam3d_objects.pipeline.inference_pipeline_pointmap:run:579 - Finished!
[ 19] cup      gt_iso=0.127 pred=0.131 rel_gtpm=0.033  moge=1.147
2026-06-10 16:27:26.350 | INFO     | sam3d_objects.pipeline.inference_pipeline:sample_sparse_structure:672 - Sampling sparse structure: inference_steps=25, strength=7, interval=[0, 500], rescale_t=3, cfg_strength_pm=0.0
2026-06-10 16:27:26.350 | INFO     | sam3d_objects.pipeline.inference_pipeline:get_condition_input:641 - Running condition embedder ...
2026-06-10 16:27:26.406 | INFO     | sam3d_objects.pipeline.inference_pipeline:get_condition_input:645 - Condition embedder finishes!
2026-06-10 16:27:31.019 | INFO     | sam3d_objects.pipeline.inference_pipeline:sample_sparse_structure:722 - Downsampled coords from 35567 to 28304
2026-06-10 16:27:31.022 | INFO     | sam3d_objects.pipeline.inference_pipeline_pointmap:run:457 - Rescaling scale by 1 after downsampling
2026-06-10 16:27:31.022 | INFO     | sam3d_objects.pipeline.inference_pipeline:sample_slat:753 - Sampling sparse latent: inference_steps=25, strength=1, interval=[0, 500], rescale_t=1
2026-06-10 16:27:31.022 | INFO     | sam3d_objects.pipeline.inference_pipeline:get_condition_input:641 - Running condition embedder ...
2026-06-10 16:27:31.055 | INFO     | sam3d_objects.pipeline.inference_pipeline:get_condition_input:645 - Condition embedder finishes!
2026-06-10 16:27:39.721 | INFO     | sam3d_objects.pipeline.inference_pipeline:decode_slat:614 - Decoding sparse latent...
2026-06-10 16:27:40.512 | INFO     | sam3d_objects.pipeline.inference_pipeline:postprocess_slat_output:542 - Postprocessing mesh with option with_mesh_postprocess False, with_texture_baking False...
2026-06-10 16:27:40.512 | INFO     | sam3d_objects.pipeline.inference_pipeline_pointmap:run:579 - Finished!
2026-06-10 16:27:41.000 | INFO     | sam3d_objects.pipeline.inference_pipeline:sample_sparse_structure:672 - Sampling sparse structure: inference_steps=25, strength=7, interval=[0, 500], rescale_t=3, cfg_strength_pm=0.0
2026-06-10 16:27:41.003 | INFO     | sam3d_objects.pipeline.inference_pipeline:get_condition_input:641 - Running condition embedder ...
2026-06-10 16:27:41.059 | INFO     | sam3d_objects.pipeline.inference_pipeline:get_condition_input:645 - Condition embedder finishes!
2026-06-10 16:27:45.625 | INFO     | sam3d_objects.pipeline.inference_pipeline:sample_sparse_structure:722 - Downsampled coords from 36203 to 31895
2026-06-10 16:27:45.661 | INFO     | sam3d_objects.pipeline.inference_pipeline_pointmap:run:457 - Rescaling scale by 1 after downsampling
2026-06-10 16:27:45.661 | INFO     | sam3d_objects.pipeline.inference_pipeline:sample_slat:753 - Sampling sparse latent: inference_steps=25, strength=1, interval=[0, 500], rescale_t=1
2026-06-10 16:27:45.661 | INFO     | sam3d_objects.pipeline.inference_pipeline:get_condition_input:641 - Running condition embedder ...
2026-06-10 16:27:45.708 | INFO     | sam3d_objects.pipeline.inference_pipeline:get_condition_input:645 - Condition embedder finishes!
2026-06-10 16:27:55.938 | INFO     | sam3d_objects.pipeline.inference_pipeline:decode_slat:614 - Decoding sparse latent...
2026-06-10 16:27:57.204 | INFO     | sam3d_objects.pipeline.inference_pipeline:postprocess_slat_output:542 - Postprocessing mesh with option with_mesh_postprocess False, with_texture_baking False...
2026-06-10 16:27:57.204 | INFO     | sam3d_objects.pipeline.inference_pipeline_pointmap:run:579 - Finished!
[ 20] camera   gt_iso=0.113 pred=0.115 rel_gtpm=0.020  moge=0.463
2026-06-10 16:27:57.470 | INFO     | sam3d_objects.pipeline.inference_pipeline:sample_sparse_structure:672 - Sampling sparse structure: inference_steps=25, strength=7, interval=[0, 500], rescale_t=3, cfg_strength_pm=0.0
2026-06-10 16:27:57.470 | INFO     | sam3d_objects.pipeline.inference_pipeline:get_condition_input:641 - Running condition embedder ...
2026-06-10 16:27:57.527 | INFO     | sam3d_objects.pipeline.inference_pipeline:get_condition_input:645 - Condition embedder finishes!
2026-06-10 16:28:02.285 | INFO     | sam3d_objects.pipeline.inference_pipeline:sample_sparse_structure:722 - Downsampled coords from 17052 to 17044
2026-06-10 16:28:02.287 | INFO     | sam3d_objects.pipeline.inference_pipeline_pointmap:run:457 - Rescaling scale by 1 after downsampling
2026-06-10 16:28:02.288 | INFO     | sam3d_objects.pipeline.inference_pipeline:sample_slat:753 - Sampling sparse latent: inference_steps=25, strength=1, interval=[0, 500], rescale_t=1
2026-06-10 16:28:02.288 | INFO     | sam3d_objects.pipeline.inference_pipeline:get_condition_input:641 - Running condition embedder ...
2026-06-10 16:28:02.321 | INFO     | sam3d_objects.pipeline.inference_pipeline:get_condition_input:645 - Condition embedder finishes!
2026-06-10 16:28:06.756 | INFO     | sam3d_objects.pipeline.inference_pipeline:decode_slat:614 - Decoding sparse latent...
2026-06-10 16:28:07.177 | INFO     | sam3d_objects.pipeline.inference_pipeline:postprocess_slat_output:542 - Postprocessing mesh with option with_mesh_postprocess False, with_texture_baking False...
2026-06-10 16:28:07.177 | INFO     | sam3d_objects.pipeline.inference_pipeline_pointmap:run:579 - Finished!
2026-06-10 16:28:07.307 | INFO     | sam3d_objects.pipeline.inference_pipeline:sample_sparse_structure:672 - Sampling sparse structure: inference_steps=25, strength=7, interval=[0, 500], rescale_t=3, cfg_strength_pm=0.0
2026-06-10 16:28:07.307 | INFO     | sam3d_objects.pipeline.inference_pipeline:get_condition_input:641 - Running condition embedder ...
2026-06-10 16:28:07.363 | INFO     | sam3d_objects.pipeline.inference_pipeline:get_condition_input:645 - Condition embedder finishes!
2026-06-10 16:28:12.119 | INFO     | sam3d_objects.pipeline.inference_pipeline:sample_sparse_structure:722 - Downsampled coords from 17172 to 17163
2026-06-10 16:28:12.122 | INFO     | sam3d_objects.pipeline.inference_pipeline_pointmap:run:457 - Rescaling scale by 1 after downsampling
2026-06-10 16:28:12.122 | INFO     | sam3d_objects.pipeline.inference_pipeline:sample_slat:753 - Sampling sparse latent: inference_steps=25, strength=1, interval=[0, 500], rescale_t=1
2026-06-10 16:28:12.122 | INFO     | sam3d_objects.pipeline.inference_pipeline:get_condition_input:641 - Running condition embedder ...
2026-06-10 16:28:12.155 | INFO     | sam3d_objects.pipeline.inference_pipeline:get_condition_input:645 - Condition embedder finishes!
2026-06-10 16:28:17.565 | INFO     | sam3d_objects.pipeline.inference_pipeline:decode_slat:614 - Decoding sparse latent...
2026-06-10 16:28:17.932 | INFO     | sam3d_objects.pipeline.inference_pipeline:postprocess_slat_output:542 - Postprocessing mesh with option with_mesh_postprocess False, with_texture_baking False...
2026-06-10 16:28:17.932 | INFO     | sam3d_objects.pipeline.inference_pipeline_pointmap:run:579 - Finished!
[ 21] bowl     gt_iso=0.143 pred=0.148 rel_gtpm=0.037  moge=1.225
2026-06-10 16:28:17.978 | INFO     | sam3d_objects.pipeline.inference_pipeline:sample_sparse_structure:672 - Sampling sparse structure: inference_steps=25, strength=7, interval=[0, 500], rescale_t=3, cfg_strength_pm=0.0
2026-06-10 16:28:17.978 | INFO     | sam3d_objects.pipeline.inference_pipeline:get_condition_input:641 - Running condition embedder ...
2026-06-10 16:28:18.034 | INFO     | sam3d_objects.pipeline.inference_pipeline:get_condition_input:645 - Condition embedder finishes!
2026-06-10 16:28:22.665 | INFO     | sam3d_objects.pipeline.inference_pipeline:sample_sparse_structure:722 - Downsampled coords from 20712 to 20711
2026-06-10 16:28:22.668 | INFO     | sam3d_objects.pipeline.inference_pipeline_pointmap:run:457 - Rescaling scale by 1 after downsampling
2026-06-10 16:28:22.668 | INFO     | sam3d_objects.pipeline.inference_pipeline:sample_slat:753 - Sampling sparse latent: inference_steps=25, strength=1, interval=[0, 500], rescale_t=1
2026-06-10 16:28:22.668 | INFO     | sam3d_objects.pipeline.inference_pipeline:get_condition_input:641 - Running condition embedder ...
2026-06-10 16:28:22.701 | INFO     | sam3d_objects.pipeline.inference_pipeline:get_condition_input:645 - Condition embedder finishes!
2026-06-10 16:28:28.484 | INFO     | sam3d_objects.pipeline.inference_pipeline:decode_slat:614 - Decoding sparse latent...
2026-06-10 16:28:28.976 | INFO     | sam3d_objects.pipeline.inference_pipeline:postprocess_slat_output:542 - Postprocessing mesh with option with_mesh_postprocess False, with_texture_baking False...
2026-06-10 16:28:28.976 | INFO     | sam3d_objects.pipeline.inference_pipeline_pointmap:run:579 - Finished!
2026-06-10 16:28:29.109 | INFO     | sam3d_objects.pipeline.inference_pipeline:sample_sparse_structure:672 - Sampling sparse structure: inference_steps=25, strength=7, interval=[0, 500], rescale_t=3, cfg_strength_pm=0.0
2026-06-10 16:28:29.109 | INFO     | sam3d_objects.pipeline.inference_pipeline:get_condition_input:641 - Running condition embedder ...
2026-06-10 16:28:29.165 | INFO     | sam3d_objects.pipeline.inference_pipeline:get_condition_input:645 - Condition embedder finishes!
2026-06-10 16:28:33.307 | INFO     | sam3d_objects.pipeline.inference_pipeline:sample_sparse_structure:722 - Downsampled coords from 20736 to 20735
2026-06-10 16:28:33.309 | INFO     | sam3d_objects.pipeline.inference_pipeline_pointmap:run:457 - Rescaling scale by 1 after downsampling
2026-06-10 16:28:33.310 | INFO     | sam3d_objects.pipeline.inference_pipeline:sample_slat:753 - Sampling sparse latent: inference_steps=25, strength=1, interval=[0, 500], rescale_t=1
2026-06-10 16:28:33.310 | INFO     | sam3d_objects.pipeline.inference_pipeline:get_condition_input:641 - Running condition embedder ...
2026-06-10 16:28:33.342 | INFO     | sam3d_objects.pipeline.inference_pipeline:get_condition_input:645 - Condition embedder finishes!
2026-06-10 16:28:38.148 | INFO     | sam3d_objects.pipeline.inference_pipeline:decode_slat:614 - Decoding sparse latent...
2026-06-10 16:28:38.641 | INFO     | sam3d_objects.pipeline.inference_pipeline:postprocess_slat_output:542 - Postprocessing mesh with option with_mesh_postprocess False, with_texture_baking False...
2026-06-10 16:28:38.641 | INFO     | sam3d_objects.pipeline.inference_pipeline_pointmap:run:579 - Finished!
[ 22] cup      gt_iso=0.107 pred=0.120 rel_gtpm=0.119  moge=0.755
2026-06-10 16:28:38.689 | INFO     | sam3d_objects.pipeline.inference_pipeline:sample_sparse_structure:672 - Sampling sparse structure: inference_steps=25, strength=7, interval=[0, 500], rescale_t=3, cfg_strength_pm=0.0
2026-06-10 16:28:38.689 | INFO     | sam3d_objects.pipeline.inference_pipeline:get_condition_input:641 - Running condition embedder ...
2026-06-10 16:28:38.745 | INFO     | sam3d_objects.pipeline.inference_pipeline:get_condition_input:645 - Condition embedder finishes!
2026-06-10 16:28:42.886 | INFO     | sam3d_objects.pipeline.inference_pipeline:sample_sparse_structure:722 - Downsampled coords from 21781 to 21765
2026-06-10 16:28:42.889 | INFO     | sam3d_objects.pipeline.inference_pipeline_pointmap:run:457 - Rescaling scale by 1 after downsampling
2026-06-10 16:28:42.889 | INFO     | sam3d_objects.pipeline.inference_pipeline:sample_slat:753 - Sampling sparse latent: inference_steps=25, strength=1, interval=[0, 500], rescale_t=1
2026-06-10 16:28:42.889 | INFO     | sam3d_objects.pipeline.inference_pipeline:get_condition_input:641 - Running condition embedder ...
2026-06-10 16:28:42.922 | INFO     | sam3d_objects.pipeline.inference_pipeline:get_condition_input:645 - Condition embedder finishes!
2026-06-10 16:28:48.174 | INFO     | sam3d_objects.pipeline.inference_pipeline:decode_slat:614 - Decoding sparse latent...
2026-06-10 16:28:48.712 | INFO     | sam3d_objects.pipeline.inference_pipeline:postprocess_slat_output:542 - Postprocessing mesh with option with_mesh_postprocess False, with_texture_baking False...
2026-06-10 16:28:48.712 | INFO     | sam3d_objects.pipeline.inference_pipeline_pointmap:run:579 - Finished!
2026-06-10 16:28:48.850 | INFO     | sam3d_objects.pipeline.inference_pipeline:sample_sparse_structure:672 - Sampling sparse structure: inference_steps=25, strength=7, interval=[0, 500], rescale_t=3, cfg_strength_pm=0.0
2026-06-10 16:28:48.850 | INFO     | sam3d_objects.pipeline.inference_pipeline:get_condition_input:641 - Running condition embedder ...
2026-06-10 16:28:48.906 | INFO     | sam3d_objects.pipeline.inference_pipeline:get_condition_input:645 - Condition embedder finishes!
2026-06-10 16:28:53.036 | INFO     | sam3d_objects.pipeline.inference_pipeline:sample_sparse_structure:722 - Downsampled coords from 23678 to 22253
2026-06-10 16:28:53.039 | INFO     | sam3d_objects.pipeline.inference_pipeline_pointmap:run:457 - Rescaling scale by 1 after downsampling
2026-06-10 16:28:53.039 | INFO     | sam3d_objects.pipeline.inference_pipeline:sample_slat:753 - Sampling sparse latent: inference_steps=25, strength=1, interval=[0, 500], rescale_t=1
2026-06-10 16:28:53.039 | INFO     | sam3d_objects.pipeline.inference_pipeline:get_condition_input:641 - Running condition embedder ...
2026-06-10 16:28:53.072 | INFO     | sam3d_objects.pipeline.inference_pipeline:get_condition_input:645 - Condition embedder finishes!
2026-06-10 16:28:58.662 | INFO     | sam3d_objects.pipeline.inference_pipeline:decode_slat:614 - Decoding sparse latent...
2026-06-10 16:28:59.218 | INFO     | sam3d_objects.pipeline.inference_pipeline:postprocess_slat_output:542 - Postprocessing mesh with option with_mesh_postprocess False, with_texture_baking False...
2026-06-10 16:28:59.218 | INFO     | sam3d_objects.pipeline.inference_pipeline_pointmap:run:579 - Finished!
[ 23] cup      gt_iso=0.114 pred=0.129 rel_gtpm=0.135  moge=0.862
2026-06-10 16:28:59.269 | INFO     | sam3d_objects.pipeline.inference_pipeline:sample_sparse_structure:672 - Sampling sparse structure: inference_steps=25, strength=7, interval=[0, 500], rescale_t=3, cfg_strength_pm=0.0
2026-06-10 16:28:59.269 | INFO     | sam3d_objects.pipeline.inference_pipeline:get_condition_input:641 - Running condition embedder ...
2026-06-10 16:28:59.326 | INFO     | sam3d_objects.pipeline.inference_pipeline:get_condition_input:645 - Condition embedder finishes!
2026-06-10 16:29:03.459 | INFO     | sam3d_objects.pipeline.inference_pipeline:sample_sparse_structure:722 - Downsampled coords from 23515 to 22824
2026-06-10 16:29:03.462 | INFO     | sam3d_objects.pipeline.inference_pipeline_pointmap:run:457 - Rescaling scale by 1 after downsampling
2026-06-10 16:29:03.462 | INFO     | sam3d_objects.pipeline.inference_pipeline:sample_slat:753 - Sampling sparse latent: inference_steps=25, strength=1, interval=[0, 500], rescale_t=1
2026-06-10 16:29:03.462 | INFO     | sam3d_objects.pipeline.inference_pipeline:get_condition_input:641 - Running condition embedder ...
2026-06-10 16:29:03.495 | INFO     | sam3d_objects.pipeline.inference_pipeline:get_condition_input:645 - Condition embedder finishes!
2026-06-10 16:29:09.505 | INFO     | sam3d_objects.pipeline.inference_pipeline:decode_slat:614 - Decoding sparse latent...
2026-06-10 16:29:10.055 | INFO     | sam3d_objects.pipeline.inference_pipeline:postprocess_slat_output:542 - Postprocessing mesh with option with_mesh_postprocess False, with_texture_baking False...
2026-06-10 16:29:10.055 | INFO     | sam3d_objects.pipeline.inference_pipeline_pointmap:run:579 - Finished!
2026-06-10 16:29:10.190 | INFO     | sam3d_objects.pipeline.inference_pipeline:sample_sparse_structure:672 - Sampling sparse structure: inference_steps=25, strength=7, interval=[0, 500], rescale_t=3, cfg_strength_pm=0.0
2026-06-10 16:29:10.191 | INFO     | sam3d_objects.pipeline.inference_pipeline:get_condition_input:641 - Running condition embedder ...
2026-06-10 16:29:10.247 | INFO     | sam3d_objects.pipeline.inference_pipeline:get_condition_input:645 - Condition embedder finishes!
2026-06-10 16:29:14.393 | INFO     | sam3d_objects.pipeline.inference_pipeline:sample_sparse_structure:722 - Downsampled coords from 23149 to 22492
2026-06-10 16:29:14.396 | INFO     | sam3d_objects.pipeline.inference_pipeline_pointmap:run:457 - Rescaling scale by 1 after downsampling
2026-06-10 16:29:14.396 | INFO     | sam3d_objects.pipeline.inference_pipeline:sample_slat:753 - Sampling sparse latent: inference_steps=25, strength=1, interval=[0, 500], rescale_t=1
2026-06-10 16:29:14.397 | INFO     | sam3d_objects.pipeline.inference_pipeline:get_condition_input:641 - Running condition embedder ...
2026-06-10 16:29:14.429 | INFO     | sam3d_objects.pipeline.inference_pipeline:get_condition_input:645 - Condition embedder finishes!
2026-06-10 16:29:20.452 | INFO     | sam3d_objects.pipeline.inference_pipeline:decode_slat:614 - Decoding sparse latent...
2026-06-10 16:29:21.023 | INFO     | sam3d_objects.pipeline.inference_pipeline:postprocess_slat_output:542 - Postprocessing mesh with option with_mesh_postprocess False, with_texture_baking False...
2026-06-10 16:29:21.023 | INFO     | sam3d_objects.pipeline.inference_pipeline_pointmap:run:579 - Finished!
[ 24] camera   gt_iso=0.152 pred=0.151 rel_gtpm=0.003  moge=0.627
2026-06-10 16:29:21.084 | INFO     | sam3d_objects.pipeline.inference_pipeline:sample_sparse_structure:672 - Sampling sparse structure: inference_steps=25, strength=7, interval=[0, 500], rescale_t=3, cfg_strength_pm=0.0
2026-06-10 16:29:21.085 | INFO     | sam3d_objects.pipeline.inference_pipeline:get_condition_input:641 - Running condition embedder ...
2026-06-10 16:29:21.141 | INFO     | sam3d_objects.pipeline.inference_pipeline:get_condition_input:645 - Condition embedder finishes!
2026-06-10 16:29:25.286 | INFO     | sam3d_objects.pipeline.inference_pipeline:sample_sparse_structure:722 - Downsampled coords from 21786 to 21779
2026-06-10 16:29:25.289 | INFO     | sam3d_objects.pipeline.inference_pipeline_pointmap:run:457 - Rescaling scale by 1 after downsampling
2026-06-10 16:29:25.289 | INFO     | sam3d_objects.pipeline.inference_pipeline:sample_slat:753 - Sampling sparse latent: inference_steps=25, strength=1, interval=[0, 500], rescale_t=1
2026-06-10 16:29:25.289 | INFO     | sam3d_objects.pipeline.inference_pipeline:get_condition_input:641 - Running condition embedder ...
2026-06-10 16:29:25.322 | INFO     | sam3d_objects.pipeline.inference_pipeline:get_condition_input:645 - Condition embedder finishes!
2026-06-10 16:29:30.762 | INFO     | sam3d_objects.pipeline.inference_pipeline:decode_slat:614 - Decoding sparse latent...
2026-06-10 16:29:31.306 | INFO     | sam3d_objects.pipeline.inference_pipeline:postprocess_slat_output:542 - Postprocessing mesh with option with_mesh_postprocess False, with_texture_baking False...
2026-06-10 16:29:31.306 | INFO     | sam3d_objects.pipeline.inference_pipeline_pointmap:run:579 - Finished!
2026-06-10 16:29:31.443 | INFO     | sam3d_objects.pipeline.inference_pipeline:sample_sparse_structure:672 - Sampling sparse structure: inference_steps=25, strength=7, interval=[0, 500], rescale_t=3, cfg_strength_pm=0.0
2026-06-10 16:29:31.443 | INFO     | sam3d_objects.pipeline.inference_pipeline:get_condition_input:641 - Running condition embedder ...
2026-06-10 16:29:31.499 | INFO     | sam3d_objects.pipeline.inference_pipeline:get_condition_input:645 - Condition embedder finishes!
2026-06-10 16:29:35.634 | INFO     | sam3d_objects.pipeline.inference_pipeline:sample_sparse_structure:722 - Downsampled coords from 21426 to 21418
2026-06-10 16:29:35.637 | INFO     | sam3d_objects.pipeline.inference_pipeline_pointmap:run:457 - Rescaling scale by 1 after downsampling
2026-06-10 16:29:35.637 | INFO     | sam3d_objects.pipeline.inference_pipeline:sample_slat:753 - Sampling sparse latent: inference_steps=25, strength=1, interval=[0, 500], rescale_t=1
2026-06-10 16:29:35.637 | INFO     | sam3d_objects.pipeline.inference_pipeline:get_condition_input:641 - Running condition embedder ...
2026-06-10 16:29:35.670 | INFO     | sam3d_objects.pipeline.inference_pipeline:get_condition_input:645 - Condition embedder finishes!
2026-06-10 16:29:40.744 | INFO     | sam3d_objects.pipeline.inference_pipeline:decode_slat:614 - Decoding sparse latent...
2026-06-10 16:29:41.270 | INFO     | sam3d_objects.pipeline.inference_pipeline:postprocess_slat_output:542 - Postprocessing mesh with option with_mesh_postprocess False, with_texture_baking False...
2026-06-10 16:29:41.270 | INFO     | sam3d_objects.pipeline.inference_pipeline_pointmap:run:579 - Finished!
[ 25] cup      gt_iso=0.114 pred=0.141 rel_gtpm=0.245  moge=0.813
2026-06-10 16:29:41.319 | INFO     | sam3d_objects.pipeline.inference_pipeline:sample_sparse_structure:672 - Sampling sparse structure: inference_steps=25, strength=7, interval=[0, 500], rescale_t=3, cfg_strength_pm=0.0
2026-06-10 16:29:41.319 | INFO     | sam3d_objects.pipeline.inference_pipeline:get_condition_input:641 - Running condition embedder ...
2026-06-10 16:29:41.376 | INFO     | sam3d_objects.pipeline.inference_pipeline:get_condition_input:645 - Condition embedder finishes!
2026-06-10 16:29:45.507 | INFO     | sam3d_objects.pipeline.inference_pipeline:sample_sparse_structure:722 - Downsampled coords from 22213 to 22031
2026-06-10 16:29:45.510 | INFO     | sam3d_objects.pipeline.inference_pipeline_pointmap:run:457 - Rescaling scale by 1 after downsampling
2026-06-10 16:29:45.511 | INFO     | sam3d_objects.pipeline.inference_pipeline:sample_slat:753 - Sampling sparse latent: inference_steps=25, strength=1, interval=[0, 500], rescale_t=1
2026-06-10 16:29:45.511 | INFO     | sam3d_objects.pipeline.inference_pipeline:get_condition_input:641 - Running condition embedder ...
2026-06-10 16:29:45.544 | INFO     | sam3d_objects.pipeline.inference_pipeline:get_condition_input:645 - Condition embedder finishes!
2026-06-10 16:29:51.143 | INFO     | sam3d_objects.pipeline.inference_pipeline:decode_slat:614 - Decoding sparse latent...
2026-06-10 16:29:51.695 | INFO     | sam3d_objects.pipeline.inference_pipeline:postprocess_slat_output:542 - Postprocessing mesh with option with_mesh_postprocess False, with_texture_baking False...
2026-06-10 16:29:51.695 | INFO     | sam3d_objects.pipeline.inference_pipeline_pointmap:run:579 - Finished!
2026-06-10 16:29:51.834 | INFO     | sam3d_objects.pipeline.inference_pipeline:sample_sparse_structure:672 - Sampling sparse structure: inference_steps=25, strength=7, interval=[0, 500], rescale_t=3, cfg_strength_pm=0.0
2026-06-10 16:29:51.835 | INFO     | sam3d_objects.pipeline.inference_pipeline:get_condition_input:641 - Running condition embedder ...
2026-06-10 16:29:51.891 | INFO     | sam3d_objects.pipeline.inference_pipeline:get_condition_input:645 - Condition embedder finishes!
2026-06-10 16:29:56.036 | INFO     | sam3d_objects.pipeline.inference_pipeline:sample_sparse_structure:722 - Downsampled coords from 22335 to 22120
2026-06-10 16:29:56.039 | INFO     | sam3d_objects.pipeline.inference_pipeline_pointmap:run:457 - Rescaling scale by 1 after downsampling
2026-06-10 16:29:56.039 | INFO     | sam3d_objects.pipeline.inference_pipeline:sample_slat:753 - Sampling sparse latent: inference_steps=25, strength=1, interval=[0, 500], rescale_t=1
2026-06-10 16:29:56.039 | INFO     | sam3d_objects.pipeline.inference_pipeline:get_condition_input:641 - Running condition embedder ...
2026-06-10 16:29:56.072 | INFO     | sam3d_objects.pipeline.inference_pipeline:get_condition_input:645 - Condition embedder finishes!
2026-06-10 16:30:01.724 | INFO     | sam3d_objects.pipeline.inference_pipeline:decode_slat:614 - Decoding sparse latent...
2026-06-10 16:30:02.249 | INFO     | sam3d_objects.pipeline.inference_pipeline:postprocess_slat_output:542 - Postprocessing mesh with option with_mesh_postprocess False, with_texture_baking False...
2026-06-10 16:30:02.249 | INFO     | sam3d_objects.pipeline.inference_pipeline_pointmap:run:579 - Finished!
[ 26] bottle   gt_iso=0.159 pred=0.149 rel_gtpm=0.068  moge=0.428
2026-06-10 16:30:02.299 | INFO     | sam3d_objects.pipeline.inference_pipeline:sample_sparse_structure:672 - Sampling sparse structure: inference_steps=25, strength=7, interval=[0, 500], rescale_t=3, cfg_strength_pm=0.0
2026-06-10 16:30:02.299 | INFO     | sam3d_objects.pipeline.inference_pipeline:get_condition_input:641 - Running condition embedder ...
2026-06-10 16:30:02.355 | INFO     | sam3d_objects.pipeline.inference_pipeline:get_condition_input:645 - Condition embedder finishes!
2026-06-10 16:30:06.493 | INFO     | sam3d_objects.pipeline.inference_pipeline:sample_sparse_structure:722 - Downsampled coords from 15669 to 15663
2026-06-10 16:30:06.495 | INFO     | sam3d_objects.pipeline.inference_pipeline_pointmap:run:457 - Rescaling scale by 1 after downsampling
2026-06-10 16:30:06.496 | INFO     | sam3d_objects.pipeline.inference_pipeline:sample_slat:753 - Sampling sparse latent: inference_steps=25, strength=1, interval=[0, 500], rescale_t=1
2026-06-10 16:30:06.496 | INFO     | sam3d_objects.pipeline.inference_pipeline:get_condition_input:641 - Running condition embedder ...
2026-06-10 16:30:06.529 | INFO     | sam3d_objects.pipeline.inference_pipeline:get_condition_input:645 - Condition embedder finishes!
2026-06-10 16:30:10.316 | INFO     | sam3d_objects.pipeline.inference_pipeline:decode_slat:614 - Decoding sparse latent...
2026-06-10 16:30:10.640 | INFO     | sam3d_objects.pipeline.inference_pipeline:postprocess_slat_output:542 - Postprocessing mesh with option with_mesh_postprocess False, with_texture_baking False...
2026-06-10 16:30:10.640 | INFO     | sam3d_objects.pipeline.inference_pipeline_pointmap:run:579 - Finished!
2026-06-10 16:30:10.768 | INFO     | sam3d_objects.pipeline.inference_pipeline:sample_sparse_structure:672 - Sampling sparse structure: inference_steps=25, strength=7, interval=[0, 500], rescale_t=3, cfg_strength_pm=0.0
2026-06-10 16:30:10.768 | INFO     | sam3d_objects.pipeline.inference_pipeline:get_condition_input:641 - Running condition embedder ...
2026-06-10 16:30:10.824 | INFO     | sam3d_objects.pipeline.inference_pipeline:get_condition_input:645 - Condition embedder finishes!
2026-06-10 16:30:15.295 | INFO     | sam3d_objects.pipeline.inference_pipeline:sample_sparse_structure:722 - Downsampled coords from 15007 to 15002
2026-06-10 16:30:15.298 | INFO     | sam3d_objects.pipeline.inference_pipeline_pointmap:run:457 - Rescaling scale by 1 after downsampling
2026-06-10 16:30:15.298 | INFO     | sam3d_objects.pipeline.inference_pipeline:sample_slat:753 - Sampling sparse latent: inference_steps=25, strength=1, interval=[0, 500], rescale_t=1
2026-06-10 16:30:15.298 | INFO     | sam3d_objects.pipeline.inference_pipeline:get_condition_input:641 - Running condition embedder ...
2026-06-10 16:30:15.331 | INFO     | sam3d_objects.pipeline.inference_pipeline:get_condition_input:645 - Condition embedder finishes!
2026-06-10 16:30:19.124 | INFO     | sam3d_objects.pipeline.inference_pipeline:decode_slat:614 - Decoding sparse latent...
2026-06-10 16:30:19.427 | INFO     | sam3d_objects.pipeline.inference_pipeline:postprocess_slat_output:542 - Postprocessing mesh with option with_mesh_postprocess False, with_texture_baking False...
2026-06-10 16:30:19.427 | INFO     | sam3d_objects.pipeline.inference_pipeline_pointmap:run:579 - Finished!
[ 27] bowl     gt_iso=0.143 pred=0.152 rel_gtpm=0.066  moge=0.602
2026-06-10 16:30:19.472 | INFO     | sam3d_objects.pipeline.inference_pipeline:sample_sparse_structure:672 - Sampling sparse structure: inference_steps=25, strength=7, interval=[0, 500], rescale_t=3, cfg_strength_pm=0.0
2026-06-10 16:30:19.472 | INFO     | sam3d_objects.pipeline.inference_pipeline:get_condition_input:641 - Running condition embedder ...
2026-06-10 16:30:19.528 | INFO     | sam3d_objects.pipeline.inference_pipeline:get_condition_input:645 - Condition embedder finishes!
2026-06-10 16:30:23.676 | INFO     | sam3d_objects.pipeline.inference_pipeline:sample_sparse_structure:722 - Downsampled coords from 29269 to 26409
2026-06-10 16:30:23.679 | INFO     | sam3d_objects.pipeline.inference_pipeline_pointmap:run:457 - Rescaling scale by 1 after downsampling
2026-06-10 16:30:23.679 | INFO     | sam3d_objects.pipeline.inference_pipeline:sample_slat:753 - Sampling sparse latent: inference_steps=25, strength=1, interval=[0, 500], rescale_t=1
2026-06-10 16:30:23.679 | INFO     | sam3d_objects.pipeline.inference_pipeline:get_condition_input:641 - Running condition embedder ...
2026-06-10 16:30:23.712 | INFO     | sam3d_objects.pipeline.inference_pipeline:get_condition_input:645 - Condition embedder finishes!
2026-06-10 16:30:31.311 | INFO     | sam3d_objects.pipeline.inference_pipeline:decode_slat:614 - Decoding sparse latent...
2026-06-10 16:30:32.051 | INFO     | sam3d_objects.pipeline.inference_pipeline:postprocess_slat_output:542 - Postprocessing mesh with option with_mesh_postprocess False, with_texture_baking False...
2026-06-10 16:30:32.051 | INFO     | sam3d_objects.pipeline.inference_pipeline_pointmap:run:579 - Finished!
2026-06-10 16:30:32.186 | INFO     | sam3d_objects.pipeline.inference_pipeline:sample_sparse_structure:672 - Sampling sparse structure: inference_steps=25, strength=7, interval=[0, 500], rescale_t=3, cfg_strength_pm=0.0
2026-06-10 16:30:32.186 | INFO     | sam3d_objects.pipeline.inference_pipeline:get_condition_input:641 - Running condition embedder ...
2026-06-10 16:30:32.242 | INFO     | sam3d_objects.pipeline.inference_pipeline:get_condition_input:645 - Condition embedder finishes!
2026-06-10 16:30:36.385 | INFO     | sam3d_objects.pipeline.inference_pipeline:sample_sparse_structure:722 - Downsampled coords from 28042 to 23653
2026-06-10 16:30:36.388 | INFO     | sam3d_objects.pipeline.inference_pipeline_pointmap:run:457 - Rescaling scale by 1 after downsampling
2026-06-10 16:30:36.389 | INFO     | sam3d_objects.pipeline.inference_pipeline:sample_slat:753 - Sampling sparse latent: inference_steps=25, strength=1, interval=[0, 500], rescale_t=1
2026-06-10 16:30:36.389 | INFO     | sam3d_objects.pipeline.inference_pipeline:get_condition_input:641 - Running condition embedder ...
2026-06-10 16:30:36.422 | INFO     | sam3d_objects.pipeline.inference_pipeline:get_condition_input:645 - Condition embedder finishes!
2026-06-10 16:30:43.074 | INFO     | sam3d_objects.pipeline.inference_pipeline:decode_slat:614 - Decoding sparse latent...
2026-06-10 16:30:43.693 | INFO     | sam3d_objects.pipeline.inference_pipeline:postprocess_slat_output:542 - Postprocessing mesh with option with_mesh_postprocess False, with_texture_baking False...
2026-06-10 16:30:43.693 | INFO     | sam3d_objects.pipeline.inference_pipeline_pointmap:run:579 - Finished!
[ 28] camera   gt_iso=0.152 pred=0.167 rel_gtpm=0.098  moge=0.717
2026-06-10 16:30:43.742 | INFO     | sam3d_objects.pipeline.inference_pipeline:sample_sparse_structure:672 - Sampling sparse structure: inference_steps=25, strength=7, interval=[0, 500], rescale_t=3, cfg_strength_pm=0.0
2026-06-10 16:30:43.742 | INFO     | sam3d_objects.pipeline.inference_pipeline:get_condition_input:641 - Running condition embedder ...
2026-06-10 16:30:43.799 | INFO     | sam3d_objects.pipeline.inference_pipeline:get_condition_input:645 - Condition embedder finishes!
2026-06-10 16:30:47.933 | INFO     | sam3d_objects.pipeline.inference_pipeline:sample_sparse_structure:722 - Downsampled coords from 21702 to 21685
2026-06-10 16:30:47.936 | INFO     | sam3d_objects.pipeline.inference_pipeline_pointmap:run:457 - Rescaling scale by 1 after downsampling
2026-06-10 16:30:47.936 | INFO     | sam3d_objects.pipeline.inference_pipeline:sample_slat:753 - Sampling sparse latent: inference_steps=25, strength=1, interval=[0, 500], rescale_t=1
2026-06-10 16:30:47.936 | INFO     | sam3d_objects.pipeline.inference_pipeline:get_condition_input:641 - Running condition embedder ...
2026-06-10 16:30:47.969 | INFO     | sam3d_objects.pipeline.inference_pipeline:get_condition_input:645 - Condition embedder finishes!
2026-06-10 16:30:53.238 | INFO     | sam3d_objects.pipeline.inference_pipeline:decode_slat:614 - Decoding sparse latent...
2026-06-10 16:30:53.775 | INFO     | sam3d_objects.pipeline.inference_pipeline:postprocess_slat_output:542 - Postprocessing mesh with option with_mesh_postprocess False, with_texture_baking False...
2026-06-10 16:30:53.775 | INFO     | sam3d_objects.pipeline.inference_pipeline_pointmap:run:579 - Finished!
2026-06-10 16:30:53.911 | INFO     | sam3d_objects.pipeline.inference_pipeline:sample_sparse_structure:672 - Sampling sparse structure: inference_steps=25, strength=7, interval=[0, 500], rescale_t=3, cfg_strength_pm=0.0
2026-06-10 16:30:53.912 | INFO     | sam3d_objects.pipeline.inference_pipeline:get_condition_input:641 - Running condition embedder ...
2026-06-10 16:30:53.968 | INFO     | sam3d_objects.pipeline.inference_pipeline:get_condition_input:645 - Condition embedder finishes!
2026-06-10 16:30:58.112 | INFO     | sam3d_objects.pipeline.inference_pipeline:sample_sparse_structure:722 - Downsampled coords from 21918 to 21894
2026-06-10 16:30:58.115 | INFO     | sam3d_objects.pipeline.inference_pipeline_pointmap:run:457 - Rescaling scale by 1 after downsampling
2026-06-10 16:30:58.115 | INFO     | sam3d_objects.pipeline.inference_pipeline:sample_slat:753 - Sampling sparse latent: inference_steps=25, strength=1, interval=[0, 500], rescale_t=1
2026-06-10 16:30:58.115 | INFO     | sam3d_objects.pipeline.inference_pipeline:get_condition_input:641 - Running condition embedder ...
2026-06-10 16:30:58.148 | INFO     | sam3d_objects.pipeline.inference_pipeline:get_condition_input:645 - Condition embedder finishes!
2026-06-10 16:31:03.528 | INFO     | sam3d_objects.pipeline.inference_pipeline:decode_slat:614 - Decoding sparse latent...
2026-06-10 16:31:04.075 | INFO     | sam3d_objects.pipeline.inference_pipeline:postprocess_slat_output:542 - Postprocessing mesh with option with_mesh_postprocess False, with_texture_baking False...
2026-06-10 16:31:04.075 | INFO     | sam3d_objects.pipeline.inference_pipeline_pointmap:run:579 - Finished!
[ 29] cup      gt_iso=0.127 pred=0.128 rel_gtpm=0.011  moge=0.596
2026-06-10 16:31:04.125 | INFO     | sam3d_objects.pipeline.inference_pipeline:sample_sparse_structure:672 - Sampling sparse structure: inference_steps=25, strength=7, interval=[0, 500], rescale_t=3, cfg_strength_pm=0.0
2026-06-10 16:31:04.125 | INFO     | sam3d_objects.pipeline.inference_pipeline:get_condition_input:641 - Running condition embedder ...
2026-06-10 16:31:04.181 | INFO     | sam3d_objects.pipeline.inference_pipeline:get_condition_input:645 - Condition embedder finishes!
2026-06-10 16:31:08.327 | INFO     | sam3d_objects.pipeline.inference_pipeline:sample_sparse_structure:722 - Downsampled coords from 7678 to 7678
2026-06-10 16:31:08.486 | INFO     | sam3d_objects.pipeline.inference_pipeline_pointmap:run:457 - Rescaling scale by 1 after downsampling
2026-06-10 16:31:08.486 | INFO     | sam3d_objects.pipeline.inference_pipeline:sample_slat:753 - Sampling sparse latent: inference_steps=25, strength=1, interval=[0, 500], rescale_t=1
2026-06-10 16:31:08.487 | INFO     | sam3d_objects.pipeline.inference_pipeline:get_condition_input:641 - Running condition embedder ...
2026-06-10 16:31:08.520 | INFO     | sam3d_objects.pipeline.inference_pipeline:get_condition_input:645 - Condition embedder finishes!
2026-06-10 16:31:11.139 | INFO     | sam3d_objects.pipeline.inference_pipeline:decode_slat:614 - Decoding sparse latent...
2026-06-10 16:31:11.264 | INFO     | sam3d_objects.pipeline.inference_pipeline:postprocess_slat_output:542 - Postprocessing mesh with option with_mesh_postprocess False, with_texture_baking False...
2026-06-10 16:31:11.264 | INFO     | sam3d_objects.pipeline.inference_pipeline_pointmap:run:579 - Finished!
2026-06-10 16:31:11.386 | INFO     | sam3d_objects.pipeline.inference_pipeline:sample_sparse_structure:672 - Sampling sparse structure: inference_steps=25, strength=7, interval=[0, 500], rescale_t=3, cfg_strength_pm=0.0
2026-06-10 16:31:11.387 | INFO     | sam3d_objects.pipeline.inference_pipeline:get_condition_input:641 - Running condition embedder ...
2026-06-10 16:31:11.443 | INFO     | sam3d_objects.pipeline.inference_pipeline:get_condition_input:645 - Condition embedder finishes!
2026-06-10 16:31:15.589 | INFO     | sam3d_objects.pipeline.inference_pipeline:sample_sparse_structure:722 - Downsampled coords from 7670 to 7670
2026-06-10 16:31:15.592 | INFO     | sam3d_objects.pipeline.inference_pipeline_pointmap:run:457 - Rescaling scale by 1 after downsampling
2026-06-10 16:31:15.592 | INFO     | sam3d_objects.pipeline.inference_pipeline:sample_slat:753 - Sampling sparse latent: inference_steps=25, strength=1, interval=[0, 500], rescale_t=1
2026-06-10 16:31:15.592 | INFO     | sam3d_objects.pipeline.inference_pipeline:get_condition_input:641 - Running condition embedder ...
2026-06-10 16:31:15.626 | INFO     | sam3d_objects.pipeline.inference_pipeline:get_condition_input:645 - Condition embedder finishes!
2026-06-10 16:31:18.252 | INFO     | sam3d_objects.pipeline.inference_pipeline:decode_slat:614 - Decoding sparse latent...
2026-06-10 16:31:18.377 | INFO     | sam3d_objects.pipeline.inference_pipeline:postprocess_slat_output:542 - Postprocessing mesh with option with_mesh_postprocess False, with_texture_baking False...
2026-06-10 16:31:18.377 | INFO     | sam3d_objects.pipeline.inference_pipeline_pointmap:run:579 - Finished!
[ 30] can      gt_iso=0.156 pred=0.169 rel_gtpm=0.085  moge=1.213
2026-06-10 16:31:18.420 | INFO     | sam3d_objects.pipeline.inference_pipeline:sample_sparse_structure:672 - Sampling sparse structure: inference_steps=25, strength=7, interval=[0, 500], rescale_t=3, cfg_strength_pm=0.0
2026-06-10 16:31:18.421 | INFO     | sam3d_objects.pipeline.inference_pipeline:get_condition_input:641 - Running condition embedder ...
2026-06-10 16:31:18.477 | INFO     | sam3d_objects.pipeline.inference_pipeline:get_condition_input:645 - Condition embedder finishes!
2026-06-10 16:31:22.630 | INFO     | sam3d_objects.pipeline.inference_pipeline:sample_sparse_structure:722 - Downsampled coords from 8199 to 7798
2026-06-10 16:31:22.633 | INFO     | sam3d_objects.pipeline.inference_pipeline_pointmap:run:457 - Rescaling scale by 1 after downsampling
2026-06-10 16:31:22.633 | INFO     | sam3d_objects.pipeline.inference_pipeline:sample_slat:753 - Sampling sparse latent: inference_steps=25, strength=1, interval=[0, 500], rescale_t=1
2026-06-10 16:31:22.633 | INFO     | sam3d_objects.pipeline.inference_pipeline:get_condition_input:641 - Running condition embedder ...
2026-06-10 16:31:22.666 | INFO     | sam3d_objects.pipeline.inference_pipeline:get_condition_input:645 - Condition embedder finishes!
2026-06-10 16:31:24.590 | INFO     | sam3d_objects.pipeline.inference_pipeline:decode_slat:614 - Decoding sparse latent...
2026-06-10 16:31:24.715 | INFO     | sam3d_objects.pipeline.inference_pipeline:postprocess_slat_output:542 - Postprocessing mesh with option with_mesh_postprocess False, with_texture_baking False...
2026-06-10 16:31:24.715 | INFO     | sam3d_objects.pipeline.inference_pipeline_pointmap:run:579 - Finished!
2026-06-10 16:31:24.830 | INFO     | sam3d_objects.pipeline.inference_pipeline:sample_sparse_structure:672 - Sampling sparse structure: inference_steps=25, strength=7, interval=[0, 500], rescale_t=3, cfg_strength_pm=0.0
2026-06-10 16:31:24.830 | INFO     | sam3d_objects.pipeline.inference_pipeline:get_condition_input:641 - Running condition embedder ...
2026-06-10 16:31:24.886 | INFO     | sam3d_objects.pipeline.inference_pipeline:get_condition_input:645 - Condition embedder finishes!
2026-06-10 16:31:29.034 | INFO     | sam3d_objects.pipeline.inference_pipeline:sample_sparse_structure:722 - Downsampled coords from 8369 to 8019
2026-06-10 16:31:29.037 | INFO     | sam3d_objects.pipeline.inference_pipeline_pointmap:run:457 - Rescaling scale by 1 after downsampling
2026-06-10 16:31:29.037 | INFO     | sam3d_objects.pipeline.inference_pipeline:sample_slat:753 - Sampling sparse latent: inference_steps=25, strength=1, interval=[0, 500], rescale_t=1
2026-06-10 16:31:29.037 | INFO     | sam3d_objects.pipeline.inference_pipeline:get_condition_input:641 - Running condition embedder ...
2026-06-10 16:31:29.070 | INFO     | sam3d_objects.pipeline.inference_pipeline:get_condition_input:645 - Condition embedder finishes!
2026-06-10 16:31:31.008 | INFO     | sam3d_objects.pipeline.inference_pipeline:decode_slat:614 - Decoding sparse latent...
2026-06-10 16:31:31.136 | INFO     | sam3d_objects.pipeline.inference_pipeline:postprocess_slat_output:542 - Postprocessing mesh with option with_mesh_postprocess False, with_texture_baking False...
2026-06-10 16:31:31.136 | INFO     | sam3d_objects.pipeline.inference_pipeline_pointmap:run:579 - Finished!
[ 31] bottle   gt_iso=0.183 pred=0.196 rel_gtpm=0.071  moge=0.415
2026-06-10 16:31:31.175 | INFO     | sam3d_objects.pipeline.inference_pipeline:sample_sparse_structure:672 - Sampling sparse structure: inference_steps=25, strength=7, interval=[0, 500], rescale_t=3, cfg_strength_pm=0.0
2026-06-10 16:31:31.176 | INFO     | sam3d_objects.pipeline.inference_pipeline:get_condition_input:641 - Running condition embedder ...
2026-06-10 16:31:31.232 | INFO     | sam3d_objects.pipeline.inference_pipeline:get_condition_input:645 - Condition embedder finishes!
2026-06-10 16:31:35.372 | INFO     | sam3d_objects.pipeline.inference_pipeline:sample_sparse_structure:722 - Downsampled coords from 8348 to 8348
2026-06-10 16:31:35.375 | INFO     | sam3d_objects.pipeline.inference_pipeline_pointmap:run:457 - Rescaling scale by 1 after downsampling
2026-06-10 16:31:35.375 | INFO     | sam3d_objects.pipeline.inference_pipeline:sample_slat:753 - Sampling sparse latent: inference_steps=25, strength=1, interval=[0, 500], rescale_t=1
2026-06-10 16:31:35.375 | INFO     | sam3d_objects.pipeline.inference_pipeline:get_condition_input:641 - Running condition embedder ...
2026-06-10 16:31:35.408 | INFO     | sam3d_objects.pipeline.inference_pipeline:get_condition_input:645 - Condition embedder finishes!
2026-06-10 16:31:38.109 | INFO     | sam3d_objects.pipeline.inference_pipeline:decode_slat:614 - Decoding sparse latent...
2026-06-10 16:31:38.246 | INFO     | sam3d_objects.pipeline.inference_pipeline:postprocess_slat_output:542 - Postprocessing mesh with option with_mesh_postprocess False, with_texture_baking False...
2026-06-10 16:31:38.247 | INFO     | sam3d_objects.pipeline.inference_pipeline_pointmap:run:579 - Finished!
2026-06-10 16:31:38.371 | INFO     | sam3d_objects.pipeline.inference_pipeline:sample_sparse_structure:672 - Sampling sparse structure: inference_steps=25, strength=7, interval=[0, 500], rescale_t=3, cfg_strength_pm=0.0
2026-06-10 16:31:38.371 | INFO     | sam3d_objects.pipeline.inference_pipeline:get_condition_input:641 - Running condition embedder ...
2026-06-10 16:31:38.427 | INFO     | sam3d_objects.pipeline.inference_pipeline:get_condition_input:645 - Condition embedder finishes!
2026-06-10 16:31:42.586 | INFO     | sam3d_objects.pipeline.inference_pipeline:sample_sparse_structure:722 - Downsampled coords from 8329 to 8329
2026-06-10 16:31:42.589 | INFO     | sam3d_objects.pipeline.inference_pipeline_pointmap:run:457 - Rescaling scale by 1 after downsampling
2026-06-10 16:31:42.589 | INFO     | sam3d_objects.pipeline.inference_pipeline:sample_slat:753 - Sampling sparse latent: inference_steps=25, strength=1, interval=[0, 500], rescale_t=1
2026-06-10 16:31:42.590 | INFO     | sam3d_objects.pipeline.inference_pipeline:get_condition_input:641 - Running condition embedder ...
2026-06-10 16:31:42.622 | INFO     | sam3d_objects.pipeline.inference_pipeline:get_condition_input:645 - Condition embedder finishes!
2026-06-10 16:31:45.268 | INFO     | sam3d_objects.pipeline.inference_pipeline:decode_slat:614 - Decoding sparse latent...
2026-06-10 16:31:45.407 | INFO     | sam3d_objects.pipeline.inference_pipeline:postprocess_slat_output:542 - Postprocessing mesh with option with_mesh_postprocess False, with_texture_baking False...
2026-06-10 16:31:45.407 | INFO     | sam3d_objects.pipeline.inference_pipeline_pointmap:run:579 - Finished!
[ 32] can      gt_iso=0.130 pred=0.136 rel_gtpm=0.044  moge=1.249
2026-06-10 16:31:45.450 | INFO     | sam3d_objects.pipeline.inference_pipeline:sample_sparse_structure:672 - Sampling sparse structure: inference_steps=25, strength=7, interval=[0, 500], rescale_t=3, cfg_strength_pm=0.0
2026-06-10 16:31:45.450 | INFO     | sam3d_objects.pipeline.inference_pipeline:get_condition_input:641 - Running condition embedder ...
2026-06-10 16:31:45.506 | INFO     | sam3d_objects.pipeline.inference_pipeline:get_condition_input:645 - Condition embedder finishes!
2026-06-10 16:31:49.648 | INFO     | sam3d_objects.pipeline.inference_pipeline:sample_sparse_structure:722 - Downsampled coords from 8491 to 8491
2026-06-10 16:31:49.651 | INFO     | sam3d_objects.pipeline.inference_pipeline_pointmap:run:457 - Rescaling scale by 1 after downsampling
2026-06-10 16:31:49.651 | INFO     | sam3d_objects.pipeline.inference_pipeline:sample_slat:753 - Sampling sparse latent: inference_steps=25, strength=1, interval=[0, 500], rescale_t=1
2026-06-10 16:31:49.651 | INFO     | sam3d_objects.pipeline.inference_pipeline:get_condition_input:641 - Running condition embedder ...
2026-06-10 16:31:49.685 | INFO     | sam3d_objects.pipeline.inference_pipeline:get_condition_input:645 - Condition embedder finishes!
2026-06-10 16:31:52.386 | INFO     | sam3d_objects.pipeline.inference_pipeline:decode_slat:614 - Decoding sparse latent...
2026-06-10 16:31:52.527 | INFO     | sam3d_objects.pipeline.inference_pipeline:postprocess_slat_output:542 - Postprocessing mesh with option with_mesh_postprocess False, with_texture_baking False...
2026-06-10 16:31:52.527 | INFO     | sam3d_objects.pipeline.inference_pipeline_pointmap:run:579 - Finished!
2026-06-10 16:31:52.651 | INFO     | sam3d_objects.pipeline.inference_pipeline:sample_sparse_structure:672 - Sampling sparse structure: inference_steps=25, strength=7, interval=[0, 500], rescale_t=3, cfg_strength_pm=0.0
2026-06-10 16:31:52.651 | INFO     | sam3d_objects.pipeline.inference_pipeline:get_condition_input:641 - Running condition embedder ...
2026-06-10 16:31:52.708 | INFO     | sam3d_objects.pipeline.inference_pipeline:get_condition_input:645 - Condition embedder finishes!
2026-06-10 16:31:56.856 | INFO     | sam3d_objects.pipeline.inference_pipeline:sample_sparse_structure:722 - Downsampled coords from 8467 to 8467
2026-06-10 16:31:56.859 | INFO     | sam3d_objects.pipeline.inference_pipeline_pointmap:run:457 - Rescaling scale by 1 after downsampling
2026-06-10 16:31:56.859 | INFO     | sam3d_objects.pipeline.inference_pipeline:sample_slat:753 - Sampling sparse latent: inference_steps=25, strength=1, interval=[0, 500], rescale_t=1
2026-06-10 16:31:56.859 | INFO     | sam3d_objects.pipeline.inference_pipeline:get_condition_input:641 - Running condition embedder ...
2026-06-10 16:31:56.892 | INFO     | sam3d_objects.pipeline.inference_pipeline:get_condition_input:645 - Condition embedder finishes!
2026-06-10 16:31:59.578 | INFO     | sam3d_objects.pipeline.inference_pipeline:decode_slat:614 - Decoding sparse latent...
2026-06-10 16:31:59.718 | INFO     | sam3d_objects.pipeline.inference_pipeline:postprocess_slat_output:542 - Postprocessing mesh with option with_mesh_postprocess False, with_texture_baking False...
2026-06-10 16:31:59.718 | INFO     | sam3d_objects.pipeline.inference_pipeline_pointmap:run:579 - Finished!
[ 33] can      gt_iso=0.130 pred=0.128 rel_gtpm=0.021  moge=0.632
2026-06-10 16:31:59.769 | INFO     | sam3d_objects.pipeline.inference_pipeline:sample_sparse_structure:672 - Sampling sparse structure: inference_steps=25, strength=7, interval=[0, 500], rescale_t=3, cfg_strength_pm=0.0
2026-06-10 16:31:59.769 | INFO     | sam3d_objects.pipeline.inference_pipeline:get_condition_input:641 - Running condition embedder ...
2026-06-10 16:31:59.826 | INFO     | sam3d_objects.pipeline.inference_pipeline:get_condition_input:645 - Condition embedder finishes!
2026-06-10 16:32:03.979 | INFO     | sam3d_objects.pipeline.inference_pipeline:sample_sparse_structure:722 - Downsampled coords from 20538 to 20536
2026-06-10 16:32:03.982 | INFO     | sam3d_objects.pipeline.inference_pipeline_pointmap:run:457 - Rescaling scale by 1 after downsampling
2026-06-10 16:32:03.982 | INFO     | sam3d_objects.pipeline.inference_pipeline:sample_slat:753 - Sampling sparse latent: inference_steps=25, strength=1, interval=[0, 500], rescale_t=1
2026-06-10 16:32:03.982 | INFO     | sam3d_objects.pipeline.inference_pipeline:get_condition_input:641 - Running condition embedder ...
2026-06-10 16:32:04.014 | INFO     | sam3d_objects.pipeline.inference_pipeline:get_condition_input:645 - Condition embedder finishes!
2026-06-10 16:32:09.209 | INFO     | sam3d_objects.pipeline.inference_pipeline:decode_slat:614 - Decoding sparse latent...
2026-06-10 16:32:09.671 | INFO     | sam3d_objects.pipeline.inference_pipeline:postprocess_slat_output:542 - Postprocessing mesh with option with_mesh_postprocess False, with_texture_baking False...
2026-06-10 16:32:09.671 | INFO     | sam3d_objects.pipeline.inference_pipeline_pointmap:run:579 - Finished!
2026-06-10 16:32:09.805 | INFO     | sam3d_objects.pipeline.inference_pipeline:sample_sparse_structure:672 - Sampling sparse structure: inference_steps=25, strength=7, interval=[0, 500], rescale_t=3, cfg_strength_pm=0.0
2026-06-10 16:32:09.805 | INFO     | sam3d_objects.pipeline.inference_pipeline:get_condition_input:641 - Running condition embedder ...
2026-06-10 16:32:09.861 | INFO     | sam3d_objects.pipeline.inference_pipeline:get_condition_input:645 - Condition embedder finishes!
2026-06-10 16:32:14.006 | INFO     | sam3d_objects.pipeline.inference_pipeline:sample_sparse_structure:722 - Downsampled coords from 20622 to 20618
2026-06-10 16:32:14.009 | INFO     | sam3d_objects.pipeline.inference_pipeline_pointmap:run:457 - Rescaling scale by 1 after downsampling
2026-06-10 16:32:14.009 | INFO     | sam3d_objects.pipeline.inference_pipeline:sample_slat:753 - Sampling sparse latent: inference_steps=25, strength=1, interval=[0, 500], rescale_t=1
2026-06-10 16:32:14.009 | INFO     | sam3d_objects.pipeline.inference_pipeline:get_condition_input:641 - Running condition embedder ...
2026-06-10 16:32:14.042 | INFO     | sam3d_objects.pipeline.inference_pipeline:get_condition_input:645 - Condition embedder finishes!
2026-06-10 16:32:19.235 | INFO     | sam3d_objects.pipeline.inference_pipeline:decode_slat:614 - Decoding sparse latent...
2026-06-10 16:32:19.726 | INFO     | sam3d_objects.pipeline.inference_pipeline:postprocess_slat_output:542 - Postprocessing mesh with option with_mesh_postprocess False, with_texture_baking False...
2026-06-10 16:32:19.726 | INFO     | sam3d_objects.pipeline.inference_pipeline_pointmap:run:579 - Finished!
[ 34] cup      gt_iso=0.127 pred=0.131 rel_gtpm=0.033  moge=0.665
2026-06-10 16:32:19.775 | INFO     | sam3d_objects.pipeline.inference_pipeline:sample_sparse_structure:672 - Sampling sparse structure: inference_steps=25, strength=7, interval=[0, 500], rescale_t=3, cfg_strength_pm=0.0
2026-06-10 16:32:19.776 | INFO     | sam3d_objects.pipeline.inference_pipeline:get_condition_input:641 - Running condition embedder ...
2026-06-10 16:32:19.832 | INFO     | sam3d_objects.pipeline.inference_pipeline:get_condition_input:645 - Condition embedder finishes!
2026-06-10 16:32:23.983 | INFO     | sam3d_objects.pipeline.inference_pipeline:sample_sparse_structure:722 - Downsampled coords from 23113 to 19773
2026-06-10 16:32:23.986 | INFO     | sam3d_objects.pipeline.inference_pipeline_pointmap:run:457 - Rescaling scale by 1 after downsampling
2026-06-10 16:32:23.986 | INFO     | sam3d_objects.pipeline.inference_pipeline:sample_slat:753 - Sampling sparse latent: inference_steps=25, strength=1, interval=[0, 500], rescale_t=1
2026-06-10 16:32:23.986 | INFO     | sam3d_objects.pipeline.inference_pipeline:get_condition_input:641 - Running condition embedder ...
2026-06-10 16:32:24.019 | INFO     | sam3d_objects.pipeline.inference_pipeline:get_condition_input:645 - Condition embedder finishes!
2026-06-10 16:32:29.298 | INFO     | sam3d_objects.pipeline.inference_pipeline:decode_slat:614 - Decoding sparse latent...
2026-06-10 16:32:29.760 | INFO     | sam3d_objects.pipeline.inference_pipeline:postprocess_slat_output:542 - Postprocessing mesh with option with_mesh_postprocess False, with_texture_baking False...
2026-06-10 16:32:29.760 | INFO     | sam3d_objects.pipeline.inference_pipeline_pointmap:run:579 - Finished!
2026-06-10 16:32:30.014 | INFO     | sam3d_objects.pipeline.inference_pipeline:sample_sparse_structure:672 - Sampling sparse structure: inference_steps=25, strength=7, interval=[0, 500], rescale_t=3, cfg_strength_pm=0.0
2026-06-10 16:32:30.014 | INFO     | sam3d_objects.pipeline.inference_pipeline:get_condition_input:641 - Running condition embedder ...
2026-06-10 16:32:30.072 | INFO     | sam3d_objects.pipeline.inference_pipeline:get_condition_input:645 - Condition embedder finishes!
2026-06-10 16:32:34.215 | INFO     | sam3d_objects.pipeline.inference_pipeline:sample_sparse_structure:722 - Downsampled coords from 20422 to 20388
2026-06-10 16:32:34.218 | INFO     | sam3d_objects.pipeline.inference_pipeline_pointmap:run:457 - Rescaling scale by 1 after downsampling
2026-06-10 16:32:34.218 | INFO     | sam3d_objects.pipeline.inference_pipeline:sample_slat:753 - Sampling sparse latent: inference_steps=25, strength=1, interval=[0, 500], rescale_t=1
2026-06-10 16:32:34.218 | INFO     | sam3d_objects.pipeline.inference_pipeline:get_condition_input:641 - Running condition embedder ...
2026-06-10 16:32:34.251 | INFO     | sam3d_objects.pipeline.inference_pipeline:get_condition_input:645 - Condition embedder finishes!
2026-06-10 16:32:39.622 | INFO     | sam3d_objects.pipeline.inference_pipeline:decode_slat:614 - Decoding sparse latent...
2026-06-10 16:32:40.106 | INFO     | sam3d_objects.pipeline.inference_pipeline:postprocess_slat_output:542 - Postprocessing mesh with option with_mesh_postprocess False, with_texture_baking False...
2026-06-10 16:32:40.107 | INFO     | sam3d_objects.pipeline.inference_pipeline_pointmap:run:579 - Finished!
[ 35] cup      gt_iso=0.114 pred=0.140 rel_gtpm=0.235  moge=0.862
2026-06-10 16:32:40.371 | INFO     | sam3d_objects.pipeline.inference_pipeline:sample_sparse_structure:672 - Sampling sparse structure: inference_steps=25, strength=7, interval=[0, 500], rescale_t=3, cfg_strength_pm=0.0
2026-06-10 16:32:40.371 | INFO     | sam3d_objects.pipeline.inference_pipeline:get_condition_input:641 - Running condition embedder ...
2026-06-10 16:32:40.427 | INFO     | sam3d_objects.pipeline.inference_pipeline:get_condition_input:645 - Condition embedder finishes!
2026-06-10 16:32:44.568 | INFO     | sam3d_objects.pipeline.inference_pipeline:sample_sparse_structure:722 - Downsampled coords from 24127 to 22060
2026-06-10 16:32:44.570 | INFO     | sam3d_objects.pipeline.inference_pipeline_pointmap:run:457 - Rescaling scale by 1 after downsampling
2026-06-10 16:32:44.571 | INFO     | sam3d_objects.pipeline.inference_pipeline:sample_slat:753 - Sampling sparse latent: inference_steps=25, strength=1, interval=[0, 500], rescale_t=1
2026-06-10 16:32:44.571 | INFO     | sam3d_objects.pipeline.inference_pipeline:get_condition_input:641 - Running condition embedder ...
2026-06-10 16:32:44.604 | INFO     | sam3d_objects.pipeline.inference_pipeline:get_condition_input:645 - Condition embedder finishes!
2026-06-10 16:32:50.899 | INFO     | sam3d_objects.pipeline.inference_pipeline:decode_slat:614 - Decoding sparse latent...
2026-06-10 16:32:51.458 | INFO     | sam3d_objects.pipeline.inference_pipeline:postprocess_slat_output:542 - Postprocessing mesh with option with_mesh_postprocess False, with_texture_baking False...
2026-06-10 16:32:51.458 | INFO     | sam3d_objects.pipeline.inference_pipeline_pointmap:run:579 - Finished!
2026-06-10 16:32:51.826 | INFO     | sam3d_objects.pipeline.inference_pipeline:sample_sparse_structure:672 - Sampling sparse structure: inference_steps=25, strength=7, interval=[0, 500], rescale_t=3, cfg_strength_pm=0.0
2026-06-10 16:32:51.826 | INFO     | sam3d_objects.pipeline.inference_pipeline:get_condition_input:641 - Running condition embedder ...
2026-06-10 16:32:51.882 | INFO     | sam3d_objects.pipeline.inference_pipeline:get_condition_input:645 - Condition embedder finishes!
2026-06-10 16:32:56.024 | INFO     | sam3d_objects.pipeline.inference_pipeline:sample_sparse_structure:722 - Downsampled coords from 24306 to 22183
2026-06-10 16:32:56.027 | INFO     | sam3d_objects.pipeline.inference_pipeline_pointmap:run:457 - Rescaling scale by 1 after downsampling
2026-06-10 16:32:56.027 | INFO     | sam3d_objects.pipeline.inference_pipeline:sample_slat:753 - Sampling sparse latent: inference_steps=25, strength=1, interval=[0, 500], rescale_t=1
2026-06-10 16:32:56.028 | INFO     | sam3d_objects.pipeline.inference_pipeline:get_condition_input:641 - Running condition embedder ...
2026-06-10 16:32:56.061 | INFO     | sam3d_objects.pipeline.inference_pipeline:get_condition_input:645 - Condition embedder finishes!
2026-06-10 16:33:02.511 | INFO     | sam3d_objects.pipeline.inference_pipeline:decode_slat:614 - Decoding sparse latent...
2026-06-10 16:33:03.075 | INFO     | sam3d_objects.pipeline.inference_pipeline:postprocess_slat_output:542 - Postprocessing mesh with option with_mesh_postprocess False, with_texture_baking False...
2026-06-10 16:33:03.075 | INFO     | sam3d_objects.pipeline.inference_pipeline_pointmap:run:579 - Finished!
[ 36] cup      gt_iso=0.114 pred=0.128 rel_gtpm=0.123  moge=0.713
2026-06-10 16:33:03.177 | INFO     | sam3d_objects.pipeline.inference_pipeline:sample_sparse_structure:672 - Sampling sparse structure: inference_steps=25, strength=7, interval=[0, 500], rescale_t=3, cfg_strength_pm=0.0
2026-06-10 16:33:03.177 | INFO     | sam3d_objects.pipeline.inference_pipeline:get_condition_input:641 - Running condition embedder ...
2026-06-10 16:33:03.233 | INFO     | sam3d_objects.pipeline.inference_pipeline:get_condition_input:645 - Condition embedder finishes!
2026-06-10 16:33:07.384 | INFO     | sam3d_objects.pipeline.inference_pipeline:sample_sparse_structure:722 - Downsampled coords from 15171 to 14430
2026-06-10 16:33:07.387 | INFO     | sam3d_objects.pipeline.inference_pipeline_pointmap:run:457 - Rescaling scale by 1 after downsampling
2026-06-10 16:33:07.387 | INFO     | sam3d_objects.pipeline.inference_pipeline:sample_slat:753 - Sampling sparse latent: inference_steps=25, strength=1, interval=[0, 500], rescale_t=1
2026-06-10 16:33:07.387 | INFO     | sam3d_objects.pipeline.inference_pipeline:get_condition_input:641 - Running condition embedder ...
2026-06-10 16:33:07.420 | INFO     | sam3d_objects.pipeline.inference_pipeline:get_condition_input:645 - Condition embedder finishes!
2026-06-10 16:33:11.275 | INFO     | sam3d_objects.pipeline.inference_pipeline:decode_slat:614 - Decoding sparse latent...
2026-06-10 16:33:11.563 | INFO     | sam3d_objects.pipeline.inference_pipeline:postprocess_slat_output:542 - Postprocessing mesh with option with_mesh_postprocess False, with_texture_baking False...
2026-06-10 16:33:11.563 | INFO     | sam3d_objects.pipeline.inference_pipeline_pointmap:run:579 - Finished!
2026-06-10 16:33:11.695 | INFO     | sam3d_objects.pipeline.inference_pipeline:sample_sparse_structure:672 - Sampling sparse structure: inference_steps=25, strength=7, interval=[0, 500], rescale_t=3, cfg_strength_pm=0.0
2026-06-10 16:33:11.695 | INFO     | sam3d_objects.pipeline.inference_pipeline:get_condition_input:641 - Running condition embedder ...
2026-06-10 16:33:11.751 | INFO     | sam3d_objects.pipeline.inference_pipeline:get_condition_input:645 - Condition embedder finishes!
2026-06-10 16:33:15.908 | INFO     | sam3d_objects.pipeline.inference_pipeline:sample_sparse_structure:722 - Downsampled coords from 15317 to 14708
2026-06-10 16:33:15.911 | INFO     | sam3d_objects.pipeline.inference_pipeline_pointmap:run:457 - Rescaling scale by 1 after downsampling
2026-06-10 16:33:15.911 | INFO     | sam3d_objects.pipeline.inference_pipeline:sample_slat:753 - Sampling sparse latent: inference_steps=25, strength=1, interval=[0, 500], rescale_t=1
2026-06-10 16:33:15.911 | INFO     | sam3d_objects.pipeline.inference_pipeline:get_condition_input:641 - Running condition embedder ...
2026-06-10 16:33:15.944 | INFO     | sam3d_objects.pipeline.inference_pipeline:get_condition_input:645 - Condition embedder finishes!
2026-06-10 16:33:19.836 | INFO     | sam3d_objects.pipeline.inference_pipeline:decode_slat:614 - Decoding sparse latent...
2026-06-10 16:33:20.132 | INFO     | sam3d_objects.pipeline.inference_pipeline:postprocess_slat_output:542 - Postprocessing mesh with option with_mesh_postprocess False, with_texture_baking False...
2026-06-10 16:33:20.132 | INFO     | sam3d_objects.pipeline.inference_pipeline_pointmap:run:579 - Finished!
[ 37] laptop   gt_iso=0.418 pred=0.374 rel_gtpm=0.105  moge=0.276
2026-06-10 16:33:20.179 | INFO     | sam3d_objects.pipeline.inference_pipeline:sample_sparse_structure:672 - Sampling sparse structure: inference_steps=25, strength=7, interval=[0, 500], rescale_t=3, cfg_strength_pm=0.0
2026-06-10 16:33:20.179 | INFO     | sam3d_objects.pipeline.inference_pipeline:get_condition_input:641 - Running condition embedder ...
2026-06-10 16:33:20.236 | INFO     | sam3d_objects.pipeline.inference_pipeline:get_condition_input:645 - Condition embedder finishes!
2026-06-10 16:33:24.380 | INFO     | sam3d_objects.pipeline.inference_pipeline:sample_sparse_structure:722 - Downsampled coords from 26321 to 25307
2026-06-10 16:33:24.383 | INFO     | sam3d_objects.pipeline.inference_pipeline_pointmap:run:457 - Rescaling scale by 1 after downsampling
2026-06-10 16:33:24.383 | INFO     | sam3d_objects.pipeline.inference_pipeline:sample_slat:753 - Sampling sparse latent: inference_steps=25, strength=1, interval=[0, 500], rescale_t=1
2026-06-10 16:33:24.383 | INFO     | sam3d_objects.pipeline.inference_pipeline:get_condition_input:641 - Running condition embedder ...
2026-06-10 16:33:24.416 | INFO     | sam3d_objects.pipeline.inference_pipeline:get_condition_input:645 - Condition embedder finishes!
2026-06-10 16:33:31.698 | INFO     | sam3d_objects.pipeline.inference_pipeline:decode_slat:614 - Decoding sparse latent...
2026-06-10 16:33:32.389 | INFO     | sam3d_objects.pipeline.inference_pipeline:postprocess_slat_output:542 - Postprocessing mesh with option with_mesh_postprocess False, with_texture_baking False...
2026-06-10 16:33:32.389 | INFO     | sam3d_objects.pipeline.inference_pipeline_pointmap:run:579 - Finished!
2026-06-10 16:33:32.523 | INFO     | sam3d_objects.pipeline.inference_pipeline:sample_sparse_structure:672 - Sampling sparse structure: inference_steps=25, strength=7, interval=[0, 500], rescale_t=3, cfg_strength_pm=0.0
2026-06-10 16:33:32.524 | INFO     | sam3d_objects.pipeline.inference_pipeline:get_condition_input:641 - Running condition embedder ...
2026-06-10 16:33:32.579 | INFO     | sam3d_objects.pipeline.inference_pipeline:get_condition_input:645 - Condition embedder finishes!
2026-06-10 16:33:36.732 | INFO     | sam3d_objects.pipeline.inference_pipeline:sample_sparse_structure:722 - Downsampled coords from 25827 to 24782
2026-06-10 16:33:36.735 | INFO     | sam3d_objects.pipeline.inference_pipeline_pointmap:run:457 - Rescaling scale by 1 after downsampling
2026-06-10 16:33:36.735 | INFO     | sam3d_objects.pipeline.inference_pipeline:sample_slat:753 - Sampling sparse latent: inference_steps=25, strength=1, interval=[0, 500], rescale_t=1
2026-06-10 16:33:36.735 | INFO     | sam3d_objects.pipeline.inference_pipeline:get_condition_input:641 - Running condition embedder ...
2026-06-10 16:33:36.768 | INFO     | sam3d_objects.pipeline.inference_pipeline:get_condition_input:645 - Condition embedder finishes!
2026-06-10 16:33:43.475 | INFO     | sam3d_objects.pipeline.inference_pipeline:decode_slat:614 - Decoding sparse latent...
2026-06-10 16:33:44.148 | INFO     | sam3d_objects.pipeline.inference_pipeline:postprocess_slat_output:542 - Postprocessing mesh with option with_mesh_postprocess False, with_texture_baking False...
2026-06-10 16:33:44.148 | INFO     | sam3d_objects.pipeline.inference_pipeline_pointmap:run:579 - Finished!
[ 38] camera   gt_iso=0.152 pred=0.154 rel_gtpm=0.014  moge=0.593
2026-06-10 16:33:44.199 | INFO     | sam3d_objects.pipeline.inference_pipeline:sample_sparse_structure:672 - Sampling sparse structure: inference_steps=25, strength=7, interval=[0, 500], rescale_t=3, cfg_strength_pm=0.0
2026-06-10 16:33:44.199 | INFO     | sam3d_objects.pipeline.inference_pipeline:get_condition_input:641 - Running condition embedder ...
2026-06-10 16:33:44.255 | INFO     | sam3d_objects.pipeline.inference_pipeline:get_condition_input:645 - Condition embedder finishes!
2026-06-10 16:33:48.399 | INFO     | sam3d_objects.pipeline.inference_pipeline:sample_sparse_structure:722 - Downsampled coords from 12560 to 11746
2026-06-10 16:33:48.402 | INFO     | sam3d_objects.pipeline.inference_pipeline_pointmap:run:457 - Rescaling scale by 1 after downsampling
2026-06-10 16:33:48.402 | INFO     | sam3d_objects.pipeline.inference_pipeline:sample_slat:753 - Sampling sparse latent: inference_steps=25, strength=1, interval=[0, 500], rescale_t=1
2026-06-10 16:33:48.402 | INFO     | sam3d_objects.pipeline.inference_pipeline:get_condition_input:641 - Running condition embedder ...
2026-06-10 16:33:48.435 | INFO     | sam3d_objects.pipeline.inference_pipeline:get_condition_input:645 - Condition embedder finishes!
2026-06-10 16:33:51.556 | INFO     | sam3d_objects.pipeline.inference_pipeline:decode_slat:614 - Decoding sparse latent...
2026-06-10 16:33:51.769 | INFO     | sam3d_objects.pipeline.inference_pipeline:postprocess_slat_output:542 - Postprocessing mesh with option with_mesh_postprocess False, with_texture_baking False...
2026-06-10 16:33:51.770 | INFO     | sam3d_objects.pipeline.inference_pipeline_pointmap:run:579 - Finished!
2026-06-10 16:33:51.898 | INFO     | sam3d_objects.pipeline.inference_pipeline:sample_sparse_structure:672 - Sampling sparse structure: inference_steps=25, strength=7, interval=[0, 500], rescale_t=3, cfg_strength_pm=0.0
2026-06-10 16:33:51.898 | INFO     | sam3d_objects.pipeline.inference_pipeline:get_condition_input:641 - Running condition embedder ...
2026-06-10 16:33:51.954 | INFO     | sam3d_objects.pipeline.inference_pipeline:get_condition_input:645 - Condition embedder finishes!
2026-06-10 16:33:56.108 | INFO     | sam3d_objects.pipeline.inference_pipeline:sample_sparse_structure:722 - Downsampled coords from 12673 to 11848
2026-06-10 16:33:56.111 | INFO     | sam3d_objects.pipeline.inference_pipeline_pointmap:run:457 - Rescaling scale by 1 after downsampling
2026-06-10 16:33:56.111 | INFO     | sam3d_objects.pipeline.inference_pipeline:sample_slat:753 - Sampling sparse latent: inference_steps=25, strength=1, interval=[0, 500], rescale_t=1
2026-06-10 16:33:56.111 | INFO     | sam3d_objects.pipeline.inference_pipeline:get_condition_input:641 - Running condition embedder ...
2026-06-10 16:33:56.145 | INFO     | sam3d_objects.pipeline.inference_pipeline:get_condition_input:645 - Condition embedder finishes!
2026-06-10 16:33:59.263 | INFO     | sam3d_objects.pipeline.inference_pipeline:decode_slat:614 - Decoding sparse latent...
2026-06-10 16:33:59.472 | INFO     | sam3d_objects.pipeline.inference_pipeline:postprocess_slat_output:542 - Postprocessing mesh with option with_mesh_postprocess False, with_texture_baking False...
2026-06-10 16:33:59.472 | INFO     | sam3d_objects.pipeline.inference_pipeline_pointmap:run:579 - Finished!
[ 39] laptop   gt_iso=0.383 pred=0.332 rel_gtpm=0.132  moge=0.364
2026-06-10 16:33:59.560 | INFO     | sam3d_objects.pipeline.inference_pipeline:sample_sparse_structure:672 - Sampling sparse structure: inference_steps=25, strength=7, interval=[0, 500], rescale_t=3, cfg_strength_pm=0.0
2026-06-10 16:33:59.561 | INFO     | sam3d_objects.pipeline.inference_pipeline:get_condition_input:641 - Running condition embedder ...
2026-06-10 16:33:59.617 | INFO     | sam3d_objects.pipeline.inference_pipeline:get_condition_input:645 - Condition embedder finishes!
2026-06-10 16:34:03.771 | INFO     | sam3d_objects.pipeline.inference_pipeline:sample_sparse_structure:722 - Downsampled coords from 13725 to 13565
2026-06-10 16:34:03.774 | INFO     | sam3d_objects.pipeline.inference_pipeline_pointmap:run:457 - Rescaling scale by 1 after downsampling
2026-06-10 16:34:03.775 | INFO     | sam3d_objects.pipeline.inference_pipeline:sample_slat:753 - Sampling sparse latent: inference_steps=25, strength=1, interval=[0, 500], rescale_t=1
2026-06-10 16:34:03.775 | INFO     | sam3d_objects.pipeline.inference_pipeline:get_condition_input:641 - Running condition embedder ...
2026-06-10 16:34:03.808 | INFO     | sam3d_objects.pipeline.inference_pipeline:get_condition_input:645 - Condition embedder finishes!
2026-06-10 16:34:07.379 | INFO     | sam3d_objects.pipeline.inference_pipeline:decode_slat:614 - Decoding sparse latent...
2026-06-10 16:34:07.637 | INFO     | sam3d_objects.pipeline.inference_pipeline:postprocess_slat_output:542 - Postprocessing mesh with option with_mesh_postprocess False, with_texture_baking False...
2026-06-10 16:34:07.637 | INFO     | sam3d_objects.pipeline.inference_pipeline_pointmap:run:579 - Finished!
2026-06-10 16:34:07.996 | INFO     | sam3d_objects.pipeline.inference_pipeline:sample_sparse_structure:672 - Sampling sparse structure: inference_steps=25, strength=7, interval=[0, 500], rescale_t=3, cfg_strength_pm=0.0
2026-06-10 16:34:07.996 | INFO     | sam3d_objects.pipeline.inference_pipeline:get_condition_input:641 - Running condition embedder ...
2026-06-10 16:34:08.052 | INFO     | sam3d_objects.pipeline.inference_pipeline:get_condition_input:645 - Condition embedder finishes!
2026-06-10 16:34:12.192 | INFO     | sam3d_objects.pipeline.inference_pipeline:sample_sparse_structure:722 - Downsampled coords from 14186 to 13895
2026-06-10 16:34:12.195 | INFO     | sam3d_objects.pipeline.inference_pipeline_pointmap:run:457 - Rescaling scale by 1 after downsampling
2026-06-10 16:34:12.195 | INFO     | sam3d_objects.pipeline.inference_pipeline:sample_slat:753 - Sampling sparse latent: inference_steps=25, strength=1, interval=[0, 500], rescale_t=1
2026-06-10 16:34:12.195 | INFO     | sam3d_objects.pipeline.inference_pipeline:get_condition_input:641 - Running condition embedder ...
2026-06-10 16:34:12.227 | INFO     | sam3d_objects.pipeline.inference_pipeline:get_condition_input:645 - Condition embedder finishes!
2026-06-10 16:34:15.916 | INFO     | sam3d_objects.pipeline.inference_pipeline:decode_slat:614 - Decoding sparse latent...
2026-06-10 16:34:16.190 | INFO     | sam3d_objects.pipeline.inference_pipeline:postprocess_slat_output:542 - Postprocessing mesh with option with_mesh_postprocess False, with_texture_baking False...
2026-06-10 16:34:16.190 | INFO     | sam3d_objects.pipeline.inference_pipeline_pointmap:run:579 - Finished!
[ 40] laptop   gt_iso=0.418 pred=0.381 rel_gtpm=0.087  moge=0.366
2026-06-10 16:34:16.441 | INFO     | sam3d_objects.pipeline.inference_pipeline:sample_sparse_structure:672 - Sampling sparse structure: inference_steps=25, strength=7, interval=[0, 500], rescale_t=3, cfg_strength_pm=0.0
2026-06-10 16:34:16.441 | INFO     | sam3d_objects.pipeline.inference_pipeline:get_condition_input:641 - Running condition embedder ...
2026-06-10 16:34:16.497 | INFO     | sam3d_objects.pipeline.inference_pipeline:get_condition_input:645 - Condition embedder finishes!
2026-06-10 16:34:20.635 | INFO     | sam3d_objects.pipeline.inference_pipeline:sample_sparse_structure:722 - Downsampled coords from 29070 to 21839
2026-06-10 16:34:20.638 | INFO     | sam3d_objects.pipeline.inference_pipeline_pointmap:run:457 - Rescaling scale by 1 after downsampling
2026-06-10 16:34:20.638 | INFO     | sam3d_objects.pipeline.inference_pipeline:sample_slat:753 - Sampling sparse latent: inference_steps=25, strength=1, interval=[0, 500], rescale_t=1
2026-06-10 16:34:20.638 | INFO     | sam3d_objects.pipeline.inference_pipeline:get_condition_input:641 - Running condition embedder ...
2026-06-10 16:34:20.670 | INFO     | sam3d_objects.pipeline.inference_pipeline:get_condition_input:645 - Condition embedder finishes!
2026-06-10 16:34:27.034 | INFO     | sam3d_objects.pipeline.inference_pipeline:decode_slat:614 - Decoding sparse latent...
2026-06-10 16:34:27.580 | INFO     | sam3d_objects.pipeline.inference_pipeline:postprocess_slat_output:542 - Postprocessing mesh with option with_mesh_postprocess False, with_texture_baking False...
2026-06-10 16:34:27.580 | INFO     | sam3d_objects.pipeline.inference_pipeline_pointmap:run:579 - Finished!
2026-06-10 16:34:27.724 | INFO     | sam3d_objects.pipeline.inference_pipeline:sample_sparse_structure:672 - Sampling sparse structure: inference_steps=25, strength=7, interval=[0, 500], rescale_t=3, cfg_strength_pm=0.0
2026-06-10 16:34:27.725 | INFO     | sam3d_objects.pipeline.inference_pipeline:get_condition_input:641 - Running condition embedder ...
2026-06-10 16:34:27.781 | INFO     | sam3d_objects.pipeline.inference_pipeline:get_condition_input:645 - Condition embedder finishes!
2026-06-10 16:34:31.920 | INFO     | sam3d_objects.pipeline.inference_pipeline:sample_sparse_structure:722 - Downsampled coords from 36403 to 28412
2026-06-10 16:34:31.922 | INFO     | sam3d_objects.pipeline.inference_pipeline_pointmap:run:457 - Rescaling scale by 1 after downsampling
2026-06-10 16:34:31.923 | INFO     | sam3d_objects.pipeline.inference_pipeline:sample_slat:753 - Sampling sparse latent: inference_steps=25, strength=1, interval=[0, 500], rescale_t=1
2026-06-10 16:34:31.923 | INFO     | sam3d_objects.pipeline.inference_pipeline:get_condition_input:641 - Running condition embedder ...
2026-06-10 16:34:31.955 | INFO     | sam3d_objects.pipeline.inference_pipeline:get_condition_input:645 - Condition embedder finishes!
2026-06-10 16:34:40.097 | INFO     | sam3d_objects.pipeline.inference_pipeline:decode_slat:614 - Decoding sparse latent...
2026-06-10 16:34:40.941 | INFO     | sam3d_objects.pipeline.inference_pipeline:postprocess_slat_output:542 - Postprocessing mesh with option with_mesh_postprocess False, with_texture_baking False...
2026-06-10 16:34:40.941 | INFO     | sam3d_objects.pipeline.inference_pipeline_pointmap:run:579 - Finished!
[ 41] camera   gt_iso=0.113 pred=0.119 rel_gtpm=0.061  moge=0.681
2026-06-10 16:34:41.008 | INFO     | sam3d_objects.pipeline.inference_pipeline:sample_sparse_structure:672 - Sampling sparse structure: inference_steps=25, strength=7, interval=[0, 500], rescale_t=3, cfg_strength_pm=0.0
2026-06-10 16:34:41.008 | INFO     | sam3d_objects.pipeline.inference_pipeline:get_condition_input:641 - Running condition embedder ...
2026-06-10 16:34:41.065 | INFO     | sam3d_objects.pipeline.inference_pipeline:get_condition_input:645 - Condition embedder finishes!
2026-06-10 16:34:45.205 | INFO     | sam3d_objects.pipeline.inference_pipeline:sample_sparse_structure:722 - Downsampled coords from 13544 to 13378
2026-06-10 16:34:45.208 | INFO     | sam3d_objects.pipeline.inference_pipeline_pointmap:run:457 - Rescaling scale by 1 after downsampling
2026-06-10 16:34:45.208 | INFO     | sam3d_objects.pipeline.inference_pipeline:sample_slat:753 - Sampling sparse latent: inference_steps=25, strength=1, interval=[0, 500], rescale_t=1
2026-06-10 16:34:45.208 | INFO     | sam3d_objects.pipeline.inference_pipeline:get_condition_input:641 - Running condition embedder ...
2026-06-10 16:34:45.241 | INFO     | sam3d_objects.pipeline.inference_pipeline:get_condition_input:645 - Condition embedder finishes!
2026-06-10 16:34:48.841 | INFO     | sam3d_objects.pipeline.inference_pipeline:decode_slat:614 - Decoding sparse latent...
2026-06-10 16:34:49.097 | INFO     | sam3d_objects.pipeline.inference_pipeline:postprocess_slat_output:542 - Postprocessing mesh with option with_mesh_postprocess False, with_texture_baking False...
2026-06-10 16:34:49.097 | INFO     | sam3d_objects.pipeline.inference_pipeline_pointmap:run:579 - Finished!
2026-06-10 16:34:49.225 | INFO     | sam3d_objects.pipeline.inference_pipeline:sample_sparse_structure:672 - Sampling sparse structure: inference_steps=25, strength=7, interval=[0, 500], rescale_t=3, cfg_strength_pm=0.0
2026-06-10 16:34:49.226 | INFO     | sam3d_objects.pipeline.inference_pipeline:get_condition_input:641 - Running condition embedder ...
2026-06-10 16:34:49.281 | INFO     | sam3d_objects.pipeline.inference_pipeline:get_condition_input:645 - Condition embedder finishes!
2026-06-10 16:34:53.422 | INFO     | sam3d_objects.pipeline.inference_pipeline:sample_sparse_structure:722 - Downsampled coords from 13686 to 13498
2026-06-10 16:34:53.425 | INFO     | sam3d_objects.pipeline.inference_pipeline_pointmap:run:457 - Rescaling scale by 1 after downsampling
2026-06-10 16:34:53.425 | INFO     | sam3d_objects.pipeline.inference_pipeline:sample_slat:753 - Sampling sparse latent: inference_steps=25, strength=1, interval=[0, 500], rescale_t=1
2026-06-10 16:34:53.425 | INFO     | sam3d_objects.pipeline.inference_pipeline:get_condition_input:641 - Running condition embedder ...
2026-06-10 16:34:53.458 | INFO     | sam3d_objects.pipeline.inference_pipeline:get_condition_input:645 - Condition embedder finishes!
2026-06-10 16:34:57.117 | INFO     | sam3d_objects.pipeline.inference_pipeline:decode_slat:614 - Decoding sparse latent...
2026-06-10 16:34:57.373 | INFO     | sam3d_objects.pipeline.inference_pipeline:postprocess_slat_output:542 - Postprocessing mesh with option with_mesh_postprocess False, with_texture_baking False...
2026-06-10 16:34:57.373 | INFO     | sam3d_objects.pipeline.inference_pipeline_pointmap:run:579 - Finished!
[ 42] laptop   gt_iso=0.418 pred=0.377 rel_gtpm=0.098  moge=0.614
2026-06-10 16:34:57.422 | INFO     | sam3d_objects.pipeline.inference_pipeline:sample_sparse_structure:672 - Sampling sparse structure: inference_steps=25, strength=7, interval=[0, 500], rescale_t=3, cfg_strength_pm=0.0
2026-06-10 16:34:57.422 | INFO     | sam3d_objects.pipeline.inference_pipeline:get_condition_input:641 - Running condition embedder ...
2026-06-10 16:34:57.478 | INFO     | sam3d_objects.pipeline.inference_pipeline:get_condition_input:645 - Condition embedder finishes!
2026-06-10 16:35:01.629 | INFO     | sam3d_objects.pipeline.inference_pipeline:sample_sparse_structure:722 - Downsampled coords from 21954 to 20737
2026-06-10 16:35:01.632 | INFO     | sam3d_objects.pipeline.inference_pipeline_pointmap:run:457 - Rescaling scale by 1 after downsampling
2026-06-10 16:35:01.632 | INFO     | sam3d_objects.pipeline.inference_pipeline:sample_slat:753 - Sampling sparse latent: inference_steps=25, strength=1, interval=[0, 500], rescale_t=1
2026-06-10 16:35:01.632 | INFO     | sam3d_objects.pipeline.inference_pipeline:get_condition_input:641 - Running condition embedder ...
2026-06-10 16:35:01.664 | INFO     | sam3d_objects.pipeline.inference_pipeline:get_condition_input:645 - Condition embedder finishes!
2026-06-10 16:35:07.523 | INFO     | sam3d_objects.pipeline.inference_pipeline:decode_slat:614 - Decoding sparse latent...
2026-06-10 16:35:08.029 | INFO     | sam3d_objects.pipeline.inference_pipeline:postprocess_slat_output:542 - Postprocessing mesh with option with_mesh_postprocess False, with_texture_baking False...
2026-06-10 16:35:08.029 | INFO     | sam3d_objects.pipeline.inference_pipeline_pointmap:run:579 - Finished!
2026-06-10 16:35:08.165 | INFO     | sam3d_objects.pipeline.inference_pipeline:sample_sparse_structure:672 - Sampling sparse structure: inference_steps=25, strength=7, interval=[0, 500], rescale_t=3, cfg_strength_pm=0.0
2026-06-10 16:35:08.165 | INFO     | sam3d_objects.pipeline.inference_pipeline:get_condition_input:641 - Running condition embedder ...
2026-06-10 16:35:08.221 | INFO     | sam3d_objects.pipeline.inference_pipeline:get_condition_input:645 - Condition embedder finishes!
2026-06-10 16:35:12.364 | INFO     | sam3d_objects.pipeline.inference_pipeline:sample_sparse_structure:722 - Downsampled coords from 20858 to 19781
2026-06-10 16:35:12.367 | INFO     | sam3d_objects.pipeline.inference_pipeline_pointmap:run:457 - Rescaling scale by 1 after downsampling
2026-06-10 16:35:12.367 | INFO     | sam3d_objects.pipeline.inference_pipeline:sample_slat:753 - Sampling sparse latent: inference_steps=25, strength=1, interval=[0, 500], rescale_t=1
2026-06-10 16:35:12.367 | INFO     | sam3d_objects.pipeline.inference_pipeline:get_condition_input:641 - Running condition embedder ...
2026-06-10 16:35:12.400 | INFO     | sam3d_objects.pipeline.inference_pipeline:get_condition_input:645 - Condition embedder finishes!
2026-06-10 16:35:18.140 | INFO     | sam3d_objects.pipeline.inference_pipeline:decode_slat:614 - Decoding sparse latent...
2026-06-10 16:35:18.604 | INFO     | sam3d_objects.pipeline.inference_pipeline:postprocess_slat_output:542 - Postprocessing mesh with option with_mesh_postprocess False, with_texture_baking False...
2026-06-10 16:35:18.605 | INFO     | sam3d_objects.pipeline.inference_pipeline_pointmap:run:579 - Finished!
[ 43] camera   gt_iso=0.180 pred=0.196 rel_gtpm=0.088  moge=1.159
2026-06-10 16:35:18.654 | INFO     | sam3d_objects.pipeline.inference_pipeline:sample_sparse_structure:672 - Sampling sparse structure: inference_steps=25, strength=7, interval=[0, 500], rescale_t=3, cfg_strength_pm=0.0
2026-06-10 16:35:18.654 | INFO     | sam3d_objects.pipeline.inference_pipeline:get_condition_input:641 - Running condition embedder ...
2026-06-10 16:35:18.710 | INFO     | sam3d_objects.pipeline.inference_pipeline:get_condition_input:645 - Condition embedder finishes!
2026-06-10 16:35:22.852 | INFO     | sam3d_objects.pipeline.inference_pipeline:sample_sparse_structure:722 - Downsampled coords from 37831 to 30246
2026-06-10 16:35:22.855 | INFO     | sam3d_objects.pipeline.inference_pipeline_pointmap:run:457 - Rescaling scale by 1 after downsampling
2026-06-10 16:35:22.855 | INFO     | sam3d_objects.pipeline.inference_pipeline:sample_slat:753 - Sampling sparse latent: inference_steps=25, strength=1, interval=[0, 500], rescale_t=1
2026-06-10 16:35:22.855 | INFO     | sam3d_objects.pipeline.inference_pipeline:get_condition_input:641 - Running condition embedder ...
2026-06-10 16:35:22.887 | INFO     | sam3d_objects.pipeline.inference_pipeline:get_condition_input:645 - Condition embedder finishes!
2026-06-10 16:35:31.351 | INFO     | sam3d_objects.pipeline.inference_pipeline:decode_slat:614 - Decoding sparse latent...
2026-06-10 16:35:32.298 | INFO     | sam3d_objects.pipeline.inference_pipeline:postprocess_slat_output:542 - Postprocessing mesh with option with_mesh_postprocess False, with_texture_baking False...
2026-06-10 16:35:32.298 | INFO     | sam3d_objects.pipeline.inference_pipeline_pointmap:run:579 - Finished!
2026-06-10 16:35:32.441 | INFO     | sam3d_objects.pipeline.inference_pipeline:sample_sparse_structure:672 - Sampling sparse structure: inference_steps=25, strength=7, interval=[0, 500], rescale_t=3, cfg_strength_pm=0.0
2026-06-10 16:35:32.441 | INFO     | sam3d_objects.pipeline.inference_pipeline:get_condition_input:641 - Running condition embedder ...
2026-06-10 16:35:32.497 | INFO     | sam3d_objects.pipeline.inference_pipeline:get_condition_input:645 - Condition embedder finishes!
2026-06-10 16:35:36.644 | INFO     | sam3d_objects.pipeline.inference_pipeline:sample_sparse_structure:722 - Downsampled coords from 39002 to 30898
2026-06-10 16:35:36.647 | INFO     | sam3d_objects.pipeline.inference_pipeline_pointmap:run:457 - Rescaling scale by 1 after downsampling
2026-06-10 16:35:36.647 | INFO     | sam3d_objects.pipeline.inference_pipeline:sample_slat:753 - Sampling sparse latent: inference_steps=25, strength=1, interval=[0, 500], rescale_t=1
2026-06-10 16:35:36.647 | INFO     | sam3d_objects.pipeline.inference_pipeline:get_condition_input:641 - Running condition embedder ...
2026-06-10 16:35:36.679 | INFO     | sam3d_objects.pipeline.inference_pipeline:get_condition_input:645 - Condition embedder finishes!
2026-06-10 16:35:45.184 | INFO     | sam3d_objects.pipeline.inference_pipeline:decode_slat:614 - Decoding sparse latent...
2026-06-10 16:35:46.161 | INFO     | sam3d_objects.pipeline.inference_pipeline:postprocess_slat_output:542 - Postprocessing mesh with option with_mesh_postprocess False, with_texture_baking False...
2026-06-10 16:35:46.161 | INFO     | sam3d_objects.pipeline.inference_pipeline_pointmap:run:579 - Finished!
[ 44] camera   gt_iso=0.113 pred=0.126 rel_gtpm=0.123  moge=0.934
2026-06-10 16:35:46.213 | INFO     | sam3d_objects.pipeline.inference_pipeline:sample_sparse_structure:672 - Sampling sparse structure: inference_steps=25, strength=7, interval=[0, 500], rescale_t=3, cfg_strength_pm=0.0
2026-06-10 16:35:46.213 | INFO     | sam3d_objects.pipeline.inference_pipeline:get_condition_input:641 - Running condition embedder ...
2026-06-10 16:35:46.270 | INFO     | sam3d_objects.pipeline.inference_pipeline:get_condition_input:645 - Condition embedder finishes!
2026-06-10 16:35:50.419 | INFO     | sam3d_objects.pipeline.inference_pipeline:sample_sparse_structure:722 - Downsampled coords from 19886 to 19881
2026-06-10 16:35:50.422 | INFO     | sam3d_objects.pipeline.inference_pipeline_pointmap:run:457 - Rescaling scale by 1 after downsampling
2026-06-10 16:35:50.422 | INFO     | sam3d_objects.pipeline.inference_pipeline:sample_slat:753 - Sampling sparse latent: inference_steps=25, strength=1, interval=[0, 500], rescale_t=1
2026-06-10 16:35:50.422 | INFO     | sam3d_objects.pipeline.inference_pipeline:get_condition_input:641 - Running condition embedder ...
2026-06-10 16:35:50.454 | INFO     | sam3d_objects.pipeline.inference_pipeline:get_condition_input:645 - Condition embedder finishes!
2026-06-10 16:35:55.477 | INFO     | sam3d_objects.pipeline.inference_pipeline:decode_slat:614 - Decoding sparse latent...
2026-06-10 16:35:55.942 | INFO     | sam3d_objects.pipeline.inference_pipeline:postprocess_slat_output:542 - Postprocessing mesh with option with_mesh_postprocess False, with_texture_baking False...
2026-06-10 16:35:55.942 | INFO     | sam3d_objects.pipeline.inference_pipeline_pointmap:run:579 - Finished!
2026-06-10 16:35:56.118 | INFO     | sam3d_objects.pipeline.inference_pipeline:sample_sparse_structure:672 - Sampling sparse structure: inference_steps=25, strength=7, interval=[0, 500], rescale_t=3, cfg_strength_pm=0.0
2026-06-10 16:35:56.118 | INFO     | sam3d_objects.pipeline.inference_pipeline:get_condition_input:641 - Running condition embedder ...
2026-06-10 16:35:56.174 | INFO     | sam3d_objects.pipeline.inference_pipeline:get_condition_input:645 - Condition embedder finishes!
2026-06-10 16:36:00.309 | INFO     | sam3d_objects.pipeline.inference_pipeline:sample_sparse_structure:722 - Downsampled coords from 20156 to 20156
2026-06-10 16:36:00.312 | INFO     | sam3d_objects.pipeline.inference_pipeline_pointmap:run:457 - Rescaling scale by 1 after downsampling
2026-06-10 16:36:00.312 | INFO     | sam3d_objects.pipeline.inference_pipeline:sample_slat:753 - Sampling sparse latent: inference_steps=25, strength=1, interval=[0, 500], rescale_t=1
2026-06-10 16:36:00.312 | INFO     | sam3d_objects.pipeline.inference_pipeline:get_condition_input:641 - Running condition embedder ...
2026-06-10 16:36:00.344 | INFO     | sam3d_objects.pipeline.inference_pipeline:get_condition_input:645 - Condition embedder finishes!
2026-06-10 16:36:05.416 | INFO     | sam3d_objects.pipeline.inference_pipeline:decode_slat:614 - Decoding sparse latent...
2026-06-10 16:36:05.890 | INFO     | sam3d_objects.pipeline.inference_pipeline:postprocess_slat_output:542 - Postprocessing mesh with option with_mesh_postprocess False, with_texture_baking False...
2026-06-10 16:36:05.890 | INFO     | sam3d_objects.pipeline.inference_pipeline_pointmap:run:579 - Finished!
[ 45] cup      gt_iso=0.107 pred=0.116 rel_gtpm=0.088  moge=1.335
2026-06-10 16:36:05.939 | INFO     | sam3d_objects.pipeline.inference_pipeline:sample_sparse_structure:672 - Sampling sparse structure: inference_steps=25, strength=7, interval=[0, 500], rescale_t=3, cfg_strength_pm=0.0
2026-06-10 16:36:05.939 | INFO     | sam3d_objects.pipeline.inference_pipeline:get_condition_input:641 - Running condition embedder ...
2026-06-10 16:36:05.995 | INFO     | sam3d_objects.pipeline.inference_pipeline:get_condition_input:645 - Condition embedder finishes!
2026-06-10 16:36:10.132 | INFO     | sam3d_objects.pipeline.inference_pipeline:sample_sparse_structure:722 - Downsampled coords from 16058 to 16032
2026-06-10 16:36:10.135 | INFO     | sam3d_objects.pipeline.inference_pipeline_pointmap:run:457 - Rescaling scale by 1 after downsampling
2026-06-10 16:36:10.135 | INFO     | sam3d_objects.pipeline.inference_pipeline:sample_slat:753 - Sampling sparse latent: inference_steps=25, strength=1, interval=[0, 500], rescale_t=1
2026-06-10 16:36:10.135 | INFO     | sam3d_objects.pipeline.inference_pipeline:get_condition_input:641 - Running condition embedder ...
2026-06-10 16:36:10.167 | INFO     | sam3d_objects.pipeline.inference_pipeline:get_condition_input:645 - Condition embedder finishes!
2026-06-10 16:36:14.035 | INFO     | sam3d_objects.pipeline.inference_pipeline:decode_slat:614 - Decoding sparse latent...
2026-06-10 16:36:14.347 | INFO     | sam3d_objects.pipeline.inference_pipeline:postprocess_slat_output:542 - Postprocessing mesh with option with_mesh_postprocess False, with_texture_baking False...
2026-06-10 16:36:14.347 | INFO     | sam3d_objects.pipeline.inference_pipeline_pointmap:run:579 - Finished!
2026-06-10 16:36:14.474 | INFO     | sam3d_objects.pipeline.inference_pipeline:sample_sparse_structure:672 - Sampling sparse structure: inference_steps=25, strength=7, interval=[0, 500], rescale_t=3, cfg_strength_pm=0.0
2026-06-10 16:36:14.474 | INFO     | sam3d_objects.pipeline.inference_pipeline:get_condition_input:641 - Running condition embedder ...
2026-06-10 16:36:14.530 | INFO     | sam3d_objects.pipeline.inference_pipeline:get_condition_input:645 - Condition embedder finishes!
2026-06-10 16:36:18.677 | INFO     | sam3d_objects.pipeline.inference_pipeline:sample_sparse_structure:722 - Downsampled coords from 16404 to 16336
2026-06-10 16:36:18.680 | INFO     | sam3d_objects.pipeline.inference_pipeline_pointmap:run:457 - Rescaling scale by 1 after downsampling
2026-06-10 16:36:18.680 | INFO     | sam3d_objects.pipeline.inference_pipeline:sample_slat:753 - Sampling sparse latent: inference_steps=25, strength=1, interval=[0, 500], rescale_t=1
2026-06-10 16:36:18.680 | INFO     | sam3d_objects.pipeline.inference_pipeline:get_condition_input:641 - Running condition embedder ...
2026-06-10 16:36:18.712 | INFO     | sam3d_objects.pipeline.inference_pipeline:get_condition_input:645 - Condition embedder finishes!
2026-06-10 16:36:22.591 | INFO     | sam3d_objects.pipeline.inference_pipeline:decode_slat:614 - Decoding sparse latent...
2026-06-10 16:36:22.919 | INFO     | sam3d_objects.pipeline.inference_pipeline:postprocess_slat_output:542 - Postprocessing mesh with option with_mesh_postprocess False, with_texture_baking False...
2026-06-10 16:36:22.919 | INFO     | sam3d_objects.pipeline.inference_pipeline_pointmap:run:579 - Finished!
[ 46] bowl     gt_iso=0.143 pred=0.156 rel_gtpm=0.093  moge=1.211
2026-06-10 16:36:22.965 | INFO     | sam3d_objects.pipeline.inference_pipeline:sample_sparse_structure:672 - Sampling sparse structure: inference_steps=25, strength=7, interval=[0, 500], rescale_t=3, cfg_strength_pm=0.0
2026-06-10 16:36:22.965 | INFO     | sam3d_objects.pipeline.inference_pipeline:get_condition_input:641 - Running condition embedder ...
2026-06-10 16:36:23.021 | INFO     | sam3d_objects.pipeline.inference_pipeline:get_condition_input:645 - Condition embedder finishes!
2026-06-10 16:36:27.155 | INFO     | sam3d_objects.pipeline.inference_pipeline:sample_sparse_structure:722 - Downsampled coords from 7636 to 7636
2026-06-10 16:36:27.157 | INFO     | sam3d_objects.pipeline.inference_pipeline_pointmap:run:457 - Rescaling scale by 1 after downsampling
2026-06-10 16:36:27.158 | INFO     | sam3d_objects.pipeline.inference_pipeline:sample_slat:753 - Sampling sparse latent: inference_steps=25, strength=1, interval=[0, 500], rescale_t=1
2026-06-10 16:36:27.158 | INFO     | sam3d_objects.pipeline.inference_pipeline:get_condition_input:641 - Running condition embedder ...
2026-06-10 16:36:27.190 | INFO     | sam3d_objects.pipeline.inference_pipeline:get_condition_input:645 - Condition embedder finishes!
2026-06-10 16:36:29.761 | INFO     | sam3d_objects.pipeline.inference_pipeline:decode_slat:614 - Decoding sparse latent...
2026-06-10 16:36:29.887 | INFO     | sam3d_objects.pipeline.inference_pipeline:postprocess_slat_output:542 - Postprocessing mesh with option with_mesh_postprocess False, with_texture_baking False...
2026-06-10 16:36:29.887 | INFO     | sam3d_objects.pipeline.inference_pipeline_pointmap:run:579 - Finished!
2026-06-10 16:36:30.011 | INFO     | sam3d_objects.pipeline.inference_pipeline:sample_sparse_structure:672 - Sampling sparse structure: inference_steps=25, strength=7, interval=[0, 500], rescale_t=3, cfg_strength_pm=0.0
2026-06-10 16:36:30.011 | INFO     | sam3d_objects.pipeline.inference_pipeline:get_condition_input:641 - Running condition embedder ...
2026-06-10 16:36:30.067 | INFO     | sam3d_objects.pipeline.inference_pipeline:get_condition_input:645 - Condition embedder finishes!
2026-06-10 16:36:34.211 | INFO     | sam3d_objects.pipeline.inference_pipeline:sample_sparse_structure:722 - Downsampled coords from 7649 to 7649
2026-06-10 16:36:34.214 | INFO     | sam3d_objects.pipeline.inference_pipeline_pointmap:run:457 - Rescaling scale by 1 after downsampling
2026-06-10 16:36:34.214 | INFO     | sam3d_objects.pipeline.inference_pipeline:sample_slat:753 - Sampling sparse latent: inference_steps=25, strength=1, interval=[0, 500], rescale_t=1
2026-06-10 16:36:34.214 | INFO     | sam3d_objects.pipeline.inference_pipeline:get_condition_input:641 - Running condition embedder ...
2026-06-10 16:36:34.246 | INFO     | sam3d_objects.pipeline.inference_pipeline:get_condition_input:645 - Condition embedder finishes!
2026-06-10 16:36:36.957 | INFO     | sam3d_objects.pipeline.inference_pipeline:decode_slat:614 - Decoding sparse latent...
2026-06-10 16:36:37.083 | INFO     | sam3d_objects.pipeline.inference_pipeline:postprocess_slat_output:542 - Postprocessing mesh with option with_mesh_postprocess False, with_texture_baking False...
2026-06-10 16:36:37.083 | INFO     | sam3d_objects.pipeline.inference_pipeline_pointmap:run:579 - Finished!
[ 47] can      gt_iso=0.191 pred=0.184 rel_gtpm=0.037  moge=0.737
2026-06-10 16:36:37.126 | INFO     | sam3d_objects.pipeline.inference_pipeline:sample_sparse_structure:672 - Sampling sparse structure: inference_steps=25, strength=7, interval=[0, 500], rescale_t=3, cfg_strength_pm=0.0
2026-06-10 16:36:37.126 | INFO     | sam3d_objects.pipeline.inference_pipeline:get_condition_input:641 - Running condition embedder ...
2026-06-10 16:36:37.182 | INFO     | sam3d_objects.pipeline.inference_pipeline:get_condition_input:645 - Condition embedder finishes!
2026-06-10 16:36:41.330 | INFO     | sam3d_objects.pipeline.inference_pipeline:sample_sparse_structure:722 - Downsampled coords from 35952 to 27985
2026-06-10 16:36:41.333 | INFO     | sam3d_objects.pipeline.inference_pipeline_pointmap:run:457 - Rescaling scale by 1 after downsampling
2026-06-10 16:36:41.333 | INFO     | sam3d_objects.pipeline.inference_pipeline:sample_slat:753 - Sampling sparse latent: inference_steps=25, strength=1, interval=[0, 500], rescale_t=1
2026-06-10 16:36:41.333 | INFO     | sam3d_objects.pipeline.inference_pipeline:get_condition_input:641 - Running condition embedder ...
2026-06-10 16:36:41.366 | INFO     | sam3d_objects.pipeline.inference_pipeline:get_condition_input:645 - Condition embedder finishes!
2026-06-10 16:36:49.286 | INFO     | sam3d_objects.pipeline.inference_pipeline:decode_slat:614 - Decoding sparse latent...
2026-06-10 16:36:50.116 | INFO     | sam3d_objects.pipeline.inference_pipeline:postprocess_slat_output:542 - Postprocessing mesh with option with_mesh_postprocess False, with_texture_baking False...
2026-06-10 16:36:50.116 | INFO     | sam3d_objects.pipeline.inference_pipeline_pointmap:run:579 - Finished!
2026-06-10 16:36:50.261 | INFO     | sam3d_objects.pipeline.inference_pipeline:sample_sparse_structure:672 - Sampling sparse structure: inference_steps=25, strength=7, interval=[0, 500], rescale_t=3, cfg_strength_pm=0.0
2026-06-10 16:36:50.261 | INFO     | sam3d_objects.pipeline.inference_pipeline:get_condition_input:641 - Running condition embedder ...
2026-06-10 16:36:50.318 | INFO     | sam3d_objects.pipeline.inference_pipeline:get_condition_input:645 - Condition embedder finishes!
2026-06-10 16:36:54.467 | INFO     | sam3d_objects.pipeline.inference_pipeline:sample_sparse_structure:722 - Downsampled coords from 36790 to 28045
2026-06-10 16:36:54.470 | INFO     | sam3d_objects.pipeline.inference_pipeline_pointmap:run:457 - Rescaling scale by 1 after downsampling
2026-06-10 16:36:54.470 | INFO     | sam3d_objects.pipeline.inference_pipeline:sample_slat:753 - Sampling sparse latent: inference_steps=25, strength=1, interval=[0, 500], rescale_t=1
2026-06-10 16:36:54.470 | INFO     | sam3d_objects.pipeline.inference_pipeline:get_condition_input:641 - Running condition embedder ...
2026-06-10 16:36:54.502 | INFO     | sam3d_objects.pipeline.inference_pipeline:get_condition_input:645 - Condition embedder finishes!
2026-06-10 16:37:02.949 | INFO     | sam3d_objects.pipeline.inference_pipeline:decode_slat:614 - Decoding sparse latent...
2026-06-10 16:37:03.780 | INFO     | sam3d_objects.pipeline.inference_pipeline:postprocess_slat_output:542 - Postprocessing mesh with option with_mesh_postprocess False, with_texture_baking False...
2026-06-10 16:37:03.780 | INFO     | sam3d_objects.pipeline.inference_pipeline_pointmap:run:579 - Finished!
[ 48] camera   gt_iso=0.113 pred=0.117 rel_gtpm=0.036  moge=0.672
2026-06-10 16:37:03.834 | INFO     | sam3d_objects.pipeline.inference_pipeline:sample_sparse_structure:672 - Sampling sparse structure: inference_steps=25, strength=7, interval=[0, 500], rescale_t=3, cfg_strength_pm=0.0
2026-06-10 16:37:03.834 | INFO     | sam3d_objects.pipeline.inference_pipeline:get_condition_input:641 - Running condition embedder ...
2026-06-10 16:37:03.891 | INFO     | sam3d_objects.pipeline.inference_pipeline:get_condition_input:645 - Condition embedder finishes!
2026-06-10 16:37:08.033 | INFO     | sam3d_objects.pipeline.inference_pipeline:sample_sparse_structure:722 - Downsampled coords from 13719 to 13667
2026-06-10 16:37:08.036 | INFO     | sam3d_objects.pipeline.inference_pipeline_pointmap:run:457 - Rescaling scale by 1 after downsampling
2026-06-10 16:37:08.036 | INFO     | sam3d_objects.pipeline.inference_pipeline:sample_slat:753 - Sampling sparse latent: inference_steps=25, strength=1, interval=[0, 500], rescale_t=1
2026-06-10 16:37:08.036 | INFO     | sam3d_objects.pipeline.inference_pipeline:get_condition_input:641 - Running condition embedder ...
2026-06-10 16:37:08.069 | INFO     | sam3d_objects.pipeline.inference_pipeline:get_condition_input:645 - Condition embedder finishes!
2026-06-10 16:37:11.649 | INFO     | sam3d_objects.pipeline.inference_pipeline:decode_slat:614 - Decoding sparse latent...
2026-06-10 16:37:11.909 | INFO     | sam3d_objects.pipeline.inference_pipeline:postprocess_slat_output:542 - Postprocessing mesh with option with_mesh_postprocess False, with_texture_baking False...
2026-06-10 16:37:11.910 | INFO     | sam3d_objects.pipeline.inference_pipeline_pointmap:run:579 - Finished!
2026-06-10 16:37:12.035 | INFO     | sam3d_objects.pipeline.inference_pipeline:sample_sparse_structure:672 - Sampling sparse structure: inference_steps=25, strength=7, interval=[0, 500], rescale_t=3, cfg_strength_pm=0.0
2026-06-10 16:37:12.035 | INFO     | sam3d_objects.pipeline.inference_pipeline:get_condition_input:641 - Running condition embedder ...
2026-06-10 16:37:12.091 | INFO     | sam3d_objects.pipeline.inference_pipeline:get_condition_input:645 - Condition embedder finishes!
2026-06-10 16:37:16.238 | INFO     | sam3d_objects.pipeline.inference_pipeline:sample_sparse_structure:722 - Downsampled coords from 12579 to 12563
2026-06-10 16:37:16.241 | INFO     | sam3d_objects.pipeline.inference_pipeline_pointmap:run:457 - Rescaling scale by 1 after downsampling
2026-06-10 16:37:16.241 | INFO     | sam3d_objects.pipeline.inference_pipeline:sample_slat:753 - Sampling sparse latent: inference_steps=25, strength=1, interval=[0, 500], rescale_t=1
2026-06-10 16:37:16.241 | INFO     | sam3d_objects.pipeline.inference_pipeline:get_condition_input:641 - Running condition embedder ...
2026-06-10 16:37:16.274 | INFO     | sam3d_objects.pipeline.inference_pipeline:get_condition_input:645 - Condition embedder finishes!
2026-06-10 16:37:19.597 | INFO     | sam3d_objects.pipeline.inference_pipeline:decode_slat:614 - Decoding sparse latent...
2026-06-10 16:37:19.829 | INFO     | sam3d_objects.pipeline.inference_pipeline:postprocess_slat_output:542 - Postprocessing mesh with option with_mesh_postprocess False, with_texture_baking False...
2026-06-10 16:37:19.829 | INFO     | sam3d_objects.pipeline.inference_pipeline_pointmap:run:579 - Finished!
[ 49] bowl     gt_iso=0.143 pred=0.159 rel_gtpm=0.115  moge=1.085
2026-06-10 16:37:19.938 | INFO     | sam3d_objects.pipeline.inference_pipeline:sample_sparse_structure:672 - Sampling sparse structure: inference_steps=25, strength=7, interval=[0, 500], rescale_t=3, cfg_strength_pm=0.0
2026-06-10 16:37:19.938 | INFO     | sam3d_objects.pipeline.inference_pipeline:get_condition_input:641 - Running condition embedder ...
2026-06-10 16:37:19.994 | INFO     | sam3d_objects.pipeline.inference_pipeline:get_condition_input:645 - Condition embedder finishes!
2026-06-10 16:37:24.137 | INFO     | sam3d_objects.pipeline.inference_pipeline:sample_sparse_structure:722 - Downsampled coords from 12884 to 12186
2026-06-10 16:37:24.140 | INFO     | sam3d_objects.pipeline.inference_pipeline_pointmap:run:457 - Rescaling scale by 1 after downsampling
2026-06-10 16:37:24.140 | INFO     | sam3d_objects.pipeline.inference_pipeline:sample_slat:753 - Sampling sparse latent: inference_steps=25, strength=1, interval=[0, 500], rescale_t=1
2026-06-10 16:37:24.141 | INFO     | sam3d_objects.pipeline.inference_pipeline:get_condition_input:641 - Running condition embedder ...
2026-06-10 16:37:24.174 | INFO     | sam3d_objects.pipeline.inference_pipeline:get_condition_input:645 - Condition embedder finishes!
2026-06-10 16:37:27.457 | INFO     | sam3d_objects.pipeline.inference_pipeline:decode_slat:614 - Decoding sparse latent...
2026-06-10 16:37:27.682 | INFO     | sam3d_objects.pipeline.inference_pipeline:postprocess_slat_output:542 - Postprocessing mesh with option with_mesh_postprocess False, with_texture_baking False...
2026-06-10 16:37:27.682 | INFO     | sam3d_objects.pipeline.inference_pipeline_pointmap:run:579 - Finished!
2026-06-10 16:37:27.814 | INFO     | sam3d_objects.pipeline.inference_pipeline:sample_sparse_structure:672 - Sampling sparse structure: inference_steps=25, strength=7, interval=[0, 500], rescale_t=3, cfg_strength_pm=0.0
2026-06-10 16:37:27.814 | INFO     | sam3d_objects.pipeline.inference_pipeline:get_condition_input:641 - Running condition embedder ...
2026-06-10 16:37:27.870 | INFO     | sam3d_objects.pipeline.inference_pipeline:get_condition_input:645 - Condition embedder finishes!
2026-06-10 16:37:32.004 | INFO     | sam3d_objects.pipeline.inference_pipeline:sample_sparse_structure:722 - Downsampled coords from 12796 to 12086
2026-06-10 16:37:32.007 | INFO     | sam3d_objects.pipeline.inference_pipeline_pointmap:run:457 - Rescaling scale by 1 after downsampling
2026-06-10 16:37:32.007 | INFO     | sam3d_objects.pipeline.inference_pipeline:sample_slat:753 - Sampling sparse latent: inference_steps=25, strength=1, interval=[0, 500], rescale_t=1
2026-06-10 16:37:32.007 | INFO     | sam3d_objects.pipeline.inference_pipeline:get_condition_input:641 - Running condition embedder ...
2026-06-10 16:37:32.041 | INFO     | sam3d_objects.pipeline.inference_pipeline:get_condition_input:645 - Condition embedder finishes!
2026-06-10 16:37:35.390 | INFO     | sam3d_objects.pipeline.inference_pipeline:decode_slat:614 - Decoding sparse latent...
2026-06-10 16:37:35.612 | INFO     | sam3d_objects.pipeline.inference_pipeline:postprocess_slat_output:542 - Postprocessing mesh with option with_mesh_postprocess False, with_texture_baking False...
2026-06-10 16:37:35.612 | INFO     | sam3d_objects.pipeline.inference_pipeline_pointmap:run:579 - Finished!
[ 50] laptop   gt_iso=0.383 pred=0.325 rel_gtpm=0.151  moge=0.342
2026-06-10 16:37:35.753 | INFO     | sam3d_objects.pipeline.inference_pipeline:sample_sparse_structure:672 - Sampling sparse structure: inference_steps=25, strength=7, interval=[0, 500], rescale_t=3, cfg_strength_pm=0.0
2026-06-10 16:37:35.754 | INFO     | sam3d_objects.pipeline.inference_pipeline:get_condition_input:641 - Running condition embedder ...
2026-06-10 16:37:35.810 | INFO     | sam3d_objects.pipeline.inference_pipeline:get_condition_input:645 - Condition embedder finishes!
2026-06-10 16:37:39.943 | INFO     | sam3d_objects.pipeline.inference_pipeline:sample_sparse_structure:722 - Downsampled coords from 26242 to 22340
2026-06-10 16:37:39.946 | INFO     | sam3d_objects.pipeline.inference_pipeline_pointmap:run:457 - Rescaling scale by 1 after downsampling
2026-06-10 16:37:39.946 | INFO     | sam3d_objects.pipeline.inference_pipeline:sample_slat:753 - Sampling sparse latent: inference_steps=25, strength=1, interval=[0, 500], rescale_t=1
2026-06-10 16:37:39.946 | INFO     | sam3d_objects.pipeline.inference_pipeline:get_condition_input:641 - Running condition embedder ...
2026-06-10 16:37:39.980 | INFO     | sam3d_objects.pipeline.inference_pipeline:get_condition_input:645 - Condition embedder finishes!
2026-06-10 16:37:46.307 | INFO     | sam3d_objects.pipeline.inference_pipeline:decode_slat:614 - Decoding sparse latent...
2026-06-10 16:37:46.870 | INFO     | sam3d_objects.pipeline.inference_pipeline:postprocess_slat_output:542 - Postprocessing mesh with option with_mesh_postprocess False, with_texture_baking False...
2026-06-10 16:37:46.870 | INFO     | sam3d_objects.pipeline.inference_pipeline_pointmap:run:579 - Finished!
2026-06-10 16:37:47.020 | INFO     | sam3d_objects.pipeline.inference_pipeline:sample_sparse_structure:672 - Sampling sparse structure: inference_steps=25, strength=7, interval=[0, 500], rescale_t=3, cfg_strength_pm=0.0
2026-06-10 16:37:47.020 | INFO     | sam3d_objects.pipeline.inference_pipeline:get_condition_input:641 - Running condition embedder ...
2026-06-10 16:37:47.076 | INFO     | sam3d_objects.pipeline.inference_pipeline:get_condition_input:645 - Condition embedder finishes!
2026-06-10 16:37:51.225 | INFO     | sam3d_objects.pipeline.inference_pipeline:sample_sparse_structure:722 - Downsampled coords from 25913 to 21961
2026-06-10 16:37:51.228 | INFO     | sam3d_objects.pipeline.inference_pipeline_pointmap:run:457 - Rescaling scale by 1 after downsampling
2026-06-10 16:37:51.228 | INFO     | sam3d_objects.pipeline.inference_pipeline:sample_slat:753 - Sampling sparse latent: inference_steps=25, strength=1, interval=[0, 500], rescale_t=1
2026-06-10 16:37:51.228 | INFO     | sam3d_objects.pipeline.inference_pipeline:get_condition_input:641 - Running condition embedder ...
2026-06-10 16:37:51.261 | INFO     | sam3d_objects.pipeline.inference_pipeline:get_condition_input:645 - Condition embedder finishes!
2026-06-10 16:37:57.557 | INFO     | sam3d_objects.pipeline.inference_pipeline:decode_slat:614 - Decoding sparse latent...
2026-06-10 16:37:58.109 | INFO     | sam3d_objects.pipeline.inference_pipeline:postprocess_slat_output:542 - Postprocessing mesh with option with_mesh_postprocess False, with_texture_baking False...
2026-06-10 16:37:58.110 | INFO     | sam3d_objects.pipeline.inference_pipeline_pointmap:run:579 - Finished!
[ 51] cup      gt_iso=0.114 pred=0.139 rel_gtpm=0.224  moge=0.942
2026-06-10 16:37:58.316 | INFO     | sam3d_objects.pipeline.inference_pipeline:sample_sparse_structure:672 - Sampling sparse structure: inference_steps=25, strength=7, interval=[0, 500], rescale_t=3, cfg_strength_pm=0.0
2026-06-10 16:37:58.317 | INFO     | sam3d_objects.pipeline.inference_pipeline:get_condition_input:641 - Running condition embedder ...
2026-06-10 16:37:58.373 | INFO     | sam3d_objects.pipeline.inference_pipeline:get_condition_input:645 - Condition embedder finishes!
2026-06-10 16:38:02.508 | INFO     | sam3d_objects.pipeline.inference_pipeline:sample_sparse_structure:722 - Downsampled coords from 13573 to 11535
2026-06-10 16:38:02.511 | INFO     | sam3d_objects.pipeline.inference_pipeline_pointmap:run:457 - Rescaling scale by 1 after downsampling
2026-06-10 16:38:02.511 | INFO     | sam3d_objects.pipeline.inference_pipeline:sample_slat:753 - Sampling sparse latent: inference_steps=25, strength=1, interval=[0, 500], rescale_t=1
2026-06-10 16:38:02.511 | INFO     | sam3d_objects.pipeline.inference_pipeline:get_condition_input:641 - Running condition embedder ...
2026-06-10 16:38:02.544 | INFO     | sam3d_objects.pipeline.inference_pipeline:get_condition_input:645 - Condition embedder finishes!
2026-06-10 16:38:05.722 | INFO     | sam3d_objects.pipeline.inference_pipeline:decode_slat:614 - Decoding sparse latent...
2026-06-10 16:38:05.933 | INFO     | sam3d_objects.pipeline.inference_pipeline:postprocess_slat_output:542 - Postprocessing mesh with option with_mesh_postprocess False, with_texture_baking False...
2026-06-10 16:38:05.934 | INFO     | sam3d_objects.pipeline.inference_pipeline_pointmap:run:579 - Finished!
2026-06-10 16:38:06.069 | INFO     | sam3d_objects.pipeline.inference_pipeline:sample_sparse_structure:672 - Sampling sparse structure: inference_steps=25, strength=7, interval=[0, 500], rescale_t=3, cfg_strength_pm=0.0
2026-06-10 16:38:06.069 | INFO     | sam3d_objects.pipeline.inference_pipeline:get_condition_input:641 - Running condition embedder ...
2026-06-10 16:38:06.125 | INFO     | sam3d_objects.pipeline.inference_pipeline:get_condition_input:645 - Condition embedder finishes!
2026-06-10 16:38:10.272 | INFO     | sam3d_objects.pipeline.inference_pipeline:sample_sparse_structure:722 - Downsampled coords from 13588 to 11550
2026-06-10 16:38:10.275 | INFO     | sam3d_objects.pipeline.inference_pipeline_pointmap:run:457 - Rescaling scale by 1 after downsampling
2026-06-10 16:38:10.275 | INFO     | sam3d_objects.pipeline.inference_pipeline:sample_slat:753 - Sampling sparse latent: inference_steps=25, strength=1, interval=[0, 500], rescale_t=1
2026-06-10 16:38:10.275 | INFO     | sam3d_objects.pipeline.inference_pipeline:get_condition_input:641 - Running condition embedder ...
2026-06-10 16:38:10.308 | INFO     | sam3d_objects.pipeline.inference_pipeline:get_condition_input:645 - Condition embedder finishes!
2026-06-10 16:38:13.478 | INFO     | sam3d_objects.pipeline.inference_pipeline:decode_slat:614 - Decoding sparse latent...
2026-06-10 16:38:13.689 | INFO     | sam3d_objects.pipeline.inference_pipeline:postprocess_slat_output:542 - Postprocessing mesh with option with_mesh_postprocess False, with_texture_baking False...
2026-06-10 16:38:13.689 | INFO     | sam3d_objects.pipeline.inference_pipeline_pointmap:run:579 - Finished!
[ 52] laptop   gt_iso=0.307 pred=0.328 rel_gtpm=0.071  moge=1.210
2026-06-10 16:38:13.733 | INFO     | sam3d_objects.pipeline.inference_pipeline:sample_sparse_structure:672 - Sampling sparse structure: inference_steps=25, strength=7, interval=[0, 500], rescale_t=3, cfg_strength_pm=0.0
2026-06-10 16:38:13.734 | INFO     | sam3d_objects.pipeline.inference_pipeline:get_condition_input:641 - Running condition embedder ...
2026-06-10 16:38:13.790 | INFO     | sam3d_objects.pipeline.inference_pipeline:get_condition_input:645 - Condition embedder finishes!
2026-06-10 16:38:17.929 | INFO     | sam3d_objects.pipeline.inference_pipeline:sample_sparse_structure:722 - Downsampled coords from 8387 to 8387
2026-06-10 16:38:17.932 | INFO     | sam3d_objects.pipeline.inference_pipeline_pointmap:run:457 - Rescaling scale by 1 after downsampling
2026-06-10 16:38:17.932 | INFO     | sam3d_objects.pipeline.inference_pipeline:sample_slat:753 - Sampling sparse latent: inference_steps=25, strength=1, interval=[0, 500], rescale_t=1
2026-06-10 16:38:17.932 | INFO     | sam3d_objects.pipeline.inference_pipeline:get_condition_input:641 - Running condition embedder ...
2026-06-10 16:38:17.965 | INFO     | sam3d_objects.pipeline.inference_pipeline:get_condition_input:645 - Condition embedder finishes!
2026-06-10 16:38:20.613 | INFO     | sam3d_objects.pipeline.inference_pipeline:decode_slat:614 - Decoding sparse latent...
2026-06-10 16:38:20.752 | INFO     | sam3d_objects.pipeline.inference_pipeline:postprocess_slat_output:542 - Postprocessing mesh with option with_mesh_postprocess False, with_texture_baking False...
2026-06-10 16:38:20.752 | INFO     | sam3d_objects.pipeline.inference_pipeline_pointmap:run:579 - Finished!
2026-06-10 16:38:20.877 | INFO     | sam3d_objects.pipeline.inference_pipeline:sample_sparse_structure:672 - Sampling sparse structure: inference_steps=25, strength=7, interval=[0, 500], rescale_t=3, cfg_strength_pm=0.0
2026-06-10 16:38:20.878 | INFO     | sam3d_objects.pipeline.inference_pipeline:get_condition_input:641 - Running condition embedder ...
2026-06-10 16:38:20.934 | INFO     | sam3d_objects.pipeline.inference_pipeline:get_condition_input:645 - Condition embedder finishes!
2026-06-10 16:38:25.081 | INFO     | sam3d_objects.pipeline.inference_pipeline:sample_sparse_structure:722 - Downsampled coords from 8368 to 8368
2026-06-10 16:38:25.084 | INFO     | sam3d_objects.pipeline.inference_pipeline_pointmap:run:457 - Rescaling scale by 1 after downsampling
2026-06-10 16:38:25.084 | INFO     | sam3d_objects.pipeline.inference_pipeline:sample_slat:753 - Sampling sparse latent: inference_steps=25, strength=1, interval=[0, 500], rescale_t=1
2026-06-10 16:38:25.084 | INFO     | sam3d_objects.pipeline.inference_pipeline:get_condition_input:641 - Running condition embedder ...
2026-06-10 16:38:25.117 | INFO     | sam3d_objects.pipeline.inference_pipeline:get_condition_input:645 - Condition embedder finishes!
2026-06-10 16:38:27.816 | INFO     | sam3d_objects.pipeline.inference_pipeline:decode_slat:614 - Decoding sparse latent...
2026-06-10 16:38:27.949 | INFO     | sam3d_objects.pipeline.inference_pipeline:postprocess_slat_output:542 - Postprocessing mesh with option with_mesh_postprocess False, with_texture_baking False...
2026-06-10 16:38:27.949 | INFO     | sam3d_objects.pipeline.inference_pipeline_pointmap:run:579 - Finished!
[ 53] can      gt_iso=0.130 pred=0.134 rel_gtpm=0.029  moge=0.783
2026-06-10 16:38:27.994 | INFO     | sam3d_objects.pipeline.inference_pipeline:sample_sparse_structure:672 - Sampling sparse structure: inference_steps=25, strength=7, interval=[0, 500], rescale_t=3, cfg_strength_pm=0.0
2026-06-10 16:38:27.994 | INFO     | sam3d_objects.pipeline.inference_pipeline:get_condition_input:641 - Running condition embedder ...
2026-06-10 16:38:28.050 | INFO     | sam3d_objects.pipeline.inference_pipeline:get_condition_input:645 - Condition embedder finishes!
2026-06-10 16:38:32.199 | INFO     | sam3d_objects.pipeline.inference_pipeline:sample_sparse_structure:722 - Downsampled coords from 14806 to 14562
2026-06-10 16:38:32.202 | INFO     | sam3d_objects.pipeline.inference_pipeline_pointmap:run:457 - Rescaling scale by 1 after downsampling
2026-06-10 16:38:32.202 | INFO     | sam3d_objects.pipeline.inference_pipeline:sample_slat:753 - Sampling sparse latent: inference_steps=25, strength=1, interval=[0, 500], rescale_t=1
2026-06-10 16:38:32.202 | INFO     | sam3d_objects.pipeline.inference_pipeline:get_condition_input:641 - Running condition embedder ...
2026-06-10 16:38:32.235 | INFO     | sam3d_objects.pipeline.inference_pipeline:get_condition_input:645 - Condition embedder finishes!
2026-06-10 16:38:36.050 | INFO     | sam3d_objects.pipeline.inference_pipeline:decode_slat:614 - Decoding sparse latent...
2026-06-10 16:38:36.340 | INFO     | sam3d_objects.pipeline.inference_pipeline:postprocess_slat_output:542 - Postprocessing mesh with option with_mesh_postprocess False, with_texture_baking False...
2026-06-10 16:38:36.340 | INFO     | sam3d_objects.pipeline.inference_pipeline_pointmap:run:579 - Finished!
2026-06-10 16:38:36.473 | INFO     | sam3d_objects.pipeline.inference_pipeline:sample_sparse_structure:672 - Sampling sparse structure: inference_steps=25, strength=7, interval=[0, 500], rescale_t=3, cfg_strength_pm=0.0
2026-06-10 16:38:36.473 | INFO     | sam3d_objects.pipeline.inference_pipeline:get_condition_input:641 - Running condition embedder ...
2026-06-10 16:38:36.530 | INFO     | sam3d_objects.pipeline.inference_pipeline:get_condition_input:645 - Condition embedder finishes!
2026-06-10 16:38:40.663 | INFO     | sam3d_objects.pipeline.inference_pipeline:sample_sparse_structure:722 - Downsampled coords from 14575 to 14340
2026-06-10 16:38:40.666 | INFO     | sam3d_objects.pipeline.inference_pipeline_pointmap:run:457 - Rescaling scale by 1 after downsampling
2026-06-10 16:38:40.666 | INFO     | sam3d_objects.pipeline.inference_pipeline:sample_slat:753 - Sampling sparse latent: inference_steps=25, strength=1, interval=[0, 500], rescale_t=1
2026-06-10 16:38:40.666 | INFO     | sam3d_objects.pipeline.inference_pipeline:get_condition_input:641 - Running condition embedder ...
2026-06-10 16:38:40.699 | INFO     | sam3d_objects.pipeline.inference_pipeline:get_condition_input:645 - Condition embedder finishes!
2026-06-10 16:38:44.483 | INFO     | sam3d_objects.pipeline.inference_pipeline:decode_slat:614 - Decoding sparse latent...
2026-06-10 16:38:44.770 | INFO     | sam3d_objects.pipeline.inference_pipeline:postprocess_slat_output:542 - Postprocessing mesh with option with_mesh_postprocess False, with_texture_baking False...
2026-06-10 16:38:44.770 | INFO     | sam3d_objects.pipeline.inference_pipeline_pointmap:run:579 - Finished!
[ 54] laptop   gt_iso=0.418 pred=0.393 rel_gtpm=0.060  moge=1.073
2026-06-10 16:38:44.817 | INFO     | sam3d_objects.pipeline.inference_pipeline:sample_sparse_structure:672 - Sampling sparse structure: inference_steps=25, strength=7, interval=[0, 500], rescale_t=3, cfg_strength_pm=0.0
2026-06-10 16:38:44.818 | INFO     | sam3d_objects.pipeline.inference_pipeline:get_condition_input:641 - Running condition embedder ...
2026-06-10 16:38:44.874 | INFO     | sam3d_objects.pipeline.inference_pipeline:get_condition_input:645 - Condition embedder finishes!
2026-06-10 16:38:49.004 | INFO     | sam3d_objects.pipeline.inference_pipeline:sample_sparse_structure:722 - Downsampled coords from 8372 to 8244
2026-06-10 16:38:49.007 | INFO     | sam3d_objects.pipeline.inference_pipeline_pointmap:run:457 - Rescaling scale by 1 after downsampling
2026-06-10 16:38:49.007 | INFO     | sam3d_objects.pipeline.inference_pipeline:sample_slat:753 - Sampling sparse latent: inference_steps=25, strength=1, interval=[0, 500], rescale_t=1
2026-06-10 16:38:49.007 | INFO     | sam3d_objects.pipeline.inference_pipeline:get_condition_input:641 - Running condition embedder ...
2026-06-10 16:38:49.040 | INFO     | sam3d_objects.pipeline.inference_pipeline:get_condition_input:645 - Condition embedder finishes!
2026-06-10 16:38:50.928 | INFO     | sam3d_objects.pipeline.inference_pipeline:decode_slat:614 - Decoding sparse latent...
2026-06-10 16:38:51.060 | INFO     | sam3d_objects.pipeline.inference_pipeline:postprocess_slat_output:542 - Postprocessing mesh with option with_mesh_postprocess False, with_texture_baking False...
2026-06-10 16:38:51.060 | INFO     | sam3d_objects.pipeline.inference_pipeline_pointmap:run:579 - Finished!
2026-06-10 16:38:51.217 | INFO     | sam3d_objects.pipeline.inference_pipeline:sample_sparse_structure:672 - Sampling sparse structure: inference_steps=25, strength=7, interval=[0, 500], rescale_t=3, cfg_strength_pm=0.0
2026-06-10 16:38:51.217 | INFO     | sam3d_objects.pipeline.inference_pipeline:get_condition_input:641 - Running condition embedder ...
2026-06-10 16:38:51.273 | INFO     | sam3d_objects.pipeline.inference_pipeline:get_condition_input:645 - Condition embedder finishes!
2026-06-10 16:38:55.404 | INFO     | sam3d_objects.pipeline.inference_pipeline:sample_sparse_structure:722 - Downsampled coords from 8363 to 8235
2026-06-10 16:38:55.407 | INFO     | sam3d_objects.pipeline.inference_pipeline_pointmap:run:457 - Rescaling scale by 1 after downsampling
2026-06-10 16:38:55.407 | INFO     | sam3d_objects.pipeline.inference_pipeline:sample_slat:753 - Sampling sparse latent: inference_steps=25, strength=1, interval=[0, 500], rescale_t=1
2026-06-10 16:38:55.407 | INFO     | sam3d_objects.pipeline.inference_pipeline:get_condition_input:641 - Running condition embedder ...
2026-06-10 16:38:55.441 | INFO     | sam3d_objects.pipeline.inference_pipeline:get_condition_input:645 - Condition embedder finishes!
2026-06-10 16:38:57.366 | INFO     | sam3d_objects.pipeline.inference_pipeline:decode_slat:614 - Decoding sparse latent...
2026-06-10 16:38:57.498 | INFO     | sam3d_objects.pipeline.inference_pipeline:postprocess_slat_output:542 - Postprocessing mesh with option with_mesh_postprocess False, with_texture_baking False...
2026-06-10 16:38:57.498 | INFO     | sam3d_objects.pipeline.inference_pipeline_pointmap:run:579 - Finished!
[ 55] bottle   gt_iso=0.183 pred=0.187 rel_gtpm=0.023  moge=0.682
2026-06-10 16:38:57.537 | INFO     | sam3d_objects.pipeline.inference_pipeline:sample_sparse_structure:672 - Sampling sparse structure: inference_steps=25, strength=7, interval=[0, 500], rescale_t=3, cfg_strength_pm=0.0
2026-06-10 16:38:57.538 | INFO     | sam3d_objects.pipeline.inference_pipeline:get_condition_input:641 - Running condition embedder ...
2026-06-10 16:38:57.594 | INFO     | sam3d_objects.pipeline.inference_pipeline:get_condition_input:645 - Condition embedder finishes!
2026-06-10 16:39:01.743 | INFO     | sam3d_objects.pipeline.inference_pipeline:sample_sparse_structure:722 - Downsampled coords from 20405 to 20403
2026-06-10 16:39:01.745 | INFO     | sam3d_objects.pipeline.inference_pipeline_pointmap:run:457 - Rescaling scale by 1 after downsampling
2026-06-10 16:39:01.746 | INFO     | sam3d_objects.pipeline.inference_pipeline:sample_slat:753 - Sampling sparse latent: inference_steps=25, strength=1, interval=[0, 500], rescale_t=1
2026-06-10 16:39:01.746 | INFO     | sam3d_objects.pipeline.inference_pipeline:get_condition_input:641 - Running condition embedder ...
2026-06-10 16:39:01.778 | INFO     | sam3d_objects.pipeline.inference_pipeline:get_condition_input:645 - Condition embedder finishes!
2026-06-10 16:39:07.041 | INFO     | sam3d_objects.pipeline.inference_pipeline:decode_slat:614 - Decoding sparse latent...
2026-06-10 16:39:07.526 | INFO     | sam3d_objects.pipeline.inference_pipeline:postprocess_slat_output:542 - Postprocessing mesh with option with_mesh_postprocess False, with_texture_baking False...
2026-06-10 16:39:07.526 | INFO     | sam3d_objects.pipeline.inference_pipeline_pointmap:run:579 - Finished!
2026-06-10 16:39:07.661 | INFO     | sam3d_objects.pipeline.inference_pipeline:sample_sparse_structure:672 - Sampling sparse structure: inference_steps=25, strength=7, interval=[0, 500], rescale_t=3, cfg_strength_pm=0.0
2026-06-10 16:39:07.661 | INFO     | sam3d_objects.pipeline.inference_pipeline:get_condition_input:641 - Running condition embedder ...
2026-06-10 16:39:07.717 | INFO     | sam3d_objects.pipeline.inference_pipeline:get_condition_input:645 - Condition embedder finishes!
2026-06-10 16:39:11.850 | INFO     | sam3d_objects.pipeline.inference_pipeline:sample_sparse_structure:722 - Downsampled coords from 20563 to 20560
2026-06-10 16:39:11.852 | INFO     | sam3d_objects.pipeline.inference_pipeline_pointmap:run:457 - Rescaling scale by 1 after downsampling
2026-06-10 16:39:11.853 | INFO     | sam3d_objects.pipeline.inference_pipeline:sample_slat:753 - Sampling sparse latent: inference_steps=25, strength=1, interval=[0, 500], rescale_t=1
2026-06-10 16:39:11.853 | INFO     | sam3d_objects.pipeline.inference_pipeline:get_condition_input:641 - Running condition embedder ...
2026-06-10 16:39:11.885 | INFO     | sam3d_objects.pipeline.inference_pipeline:get_condition_input:645 - Condition embedder finishes!
2026-06-10 16:39:17.088 | INFO     | sam3d_objects.pipeline.inference_pipeline:decode_slat:614 - Decoding sparse latent...
2026-06-10 16:39:17.552 | INFO     | sam3d_objects.pipeline.inference_pipeline:postprocess_slat_output:542 - Postprocessing mesh with option with_mesh_postprocess False, with_texture_baking False...
2026-06-10 16:39:17.552 | INFO     | sam3d_objects.pipeline.inference_pipeline_pointmap:run:579 - Finished!
[ 56] cup      gt_iso=0.127 pred=0.134 rel_gtpm=0.052  moge=0.702
2026-06-10 16:39:17.601 | INFO     | sam3d_objects.pipeline.inference_pipeline:sample_sparse_structure:672 - Sampling sparse structure: inference_steps=25, strength=7, interval=[0, 500], rescale_t=3, cfg_strength_pm=0.0
2026-06-10 16:39:17.601 | INFO     | sam3d_objects.pipeline.inference_pipeline:get_condition_input:641 - Running condition embedder ...
2026-06-10 16:39:17.657 | INFO     | sam3d_objects.pipeline.inference_pipeline:get_condition_input:645 - Condition embedder finishes!
2026-06-10 16:39:21.804 | INFO     | sam3d_objects.pipeline.inference_pipeline:sample_sparse_structure:722 - Downsampled coords from 12923 to 11954
2026-06-10 16:39:21.807 | INFO     | sam3d_objects.pipeline.inference_pipeline_pointmap:run:457 - Rescaling scale by 1 after downsampling
2026-06-10 16:39:21.807 | INFO     | sam3d_objects.pipeline.inference_pipeline:sample_slat:753 - Sampling sparse latent: inference_steps=25, strength=1, interval=[0, 500], rescale_t=1
2026-06-10 16:39:21.807 | INFO     | sam3d_objects.pipeline.inference_pipeline:get_condition_input:641 - Running condition embedder ...
2026-06-10 16:39:21.840 | INFO     | sam3d_objects.pipeline.inference_pipeline:get_condition_input:645 - Condition embedder finishes!
2026-06-10 16:39:25.172 | INFO     | sam3d_objects.pipeline.inference_pipeline:decode_slat:614 - Decoding sparse latent...
2026-06-10 16:39:25.389 | INFO     | sam3d_objects.pipeline.inference_pipeline:postprocess_slat_output:542 - Postprocessing mesh with option with_mesh_postprocess False, with_texture_baking False...
2026-06-10 16:39:25.389 | INFO     | sam3d_objects.pipeline.inference_pipeline_pointmap:run:579 - Finished!
2026-06-10 16:39:25.516 | INFO     | sam3d_objects.pipeline.inference_pipeline:sample_sparse_structure:672 - Sampling sparse structure: inference_steps=25, strength=7, interval=[0, 500], rescale_t=3, cfg_strength_pm=0.0
2026-06-10 16:39:25.516 | INFO     | sam3d_objects.pipeline.inference_pipeline:get_condition_input:641 - Running condition embedder ...
2026-06-10 16:39:25.572 | INFO     | sam3d_objects.pipeline.inference_pipeline:get_condition_input:645 - Condition embedder finishes!
2026-06-10 16:39:29.722 | INFO     | sam3d_objects.pipeline.inference_pipeline:sample_sparse_structure:722 - Downsampled coords from 13004 to 12034
2026-06-10 16:39:29.725 | INFO     | sam3d_objects.pipeline.inference_pipeline_pointmap:run:457 - Rescaling scale by 1 after downsampling
2026-06-10 16:39:29.725 | INFO     | sam3d_objects.pipeline.inference_pipeline:sample_slat:753 - Sampling sparse latent: inference_steps=25, strength=1, interval=[0, 500], rescale_t=1
2026-06-10 16:39:29.725 | INFO     | sam3d_objects.pipeline.inference_pipeline:get_condition_input:641 - Running condition embedder ...
2026-06-10 16:39:29.758 | INFO     | sam3d_objects.pipeline.inference_pipeline:get_condition_input:645 - Condition embedder finishes!
2026-06-10 16:39:33.072 | INFO     | sam3d_objects.pipeline.inference_pipeline:decode_slat:614 - Decoding sparse latent...
2026-06-10 16:39:33.292 | INFO     | sam3d_objects.pipeline.inference_pipeline:postprocess_slat_output:542 - Postprocessing mesh with option with_mesh_postprocess False, with_texture_baking False...
2026-06-10 16:39:33.293 | INFO     | sam3d_objects.pipeline.inference_pipeline_pointmap:run:579 - Finished!
[ 57] laptop   gt_iso=0.383 pred=0.336 rel_gtpm=0.122  moge=0.396
2026-06-10 16:39:33.337 | INFO     | sam3d_objects.pipeline.inference_pipeline:sample_sparse_structure:672 - Sampling sparse structure: inference_steps=25, strength=7, interval=[0, 500], rescale_t=3, cfg_strength_pm=0.0
2026-06-10 16:39:33.337 | INFO     | sam3d_objects.pipeline.inference_pipeline:get_condition_input:641 - Running condition embedder ...
2026-06-10 16:39:33.393 | INFO     | sam3d_objects.pipeline.inference_pipeline:get_condition_input:645 - Condition embedder finishes!
2026-06-10 16:39:37.546 | INFO     | sam3d_objects.pipeline.inference_pipeline:sample_sparse_structure:722 - Downsampled coords from 7796 to 7597
2026-06-10 16:39:37.549 | INFO     | sam3d_objects.pipeline.inference_pipeline_pointmap:run:457 - Rescaling scale by 1 after downsampling
2026-06-10 16:39:37.549 | INFO     | sam3d_objects.pipeline.inference_pipeline:sample_slat:753 - Sampling sparse latent: inference_steps=25, strength=1, interval=[0, 500], rescale_t=1
2026-06-10 16:39:37.550 | INFO     | sam3d_objects.pipeline.inference_pipeline:get_condition_input:641 - Running condition embedder ...
2026-06-10 16:39:37.583 | INFO     | sam3d_objects.pipeline.inference_pipeline:get_condition_input:645 - Condition embedder finishes!
2026-06-10 16:39:39.517 | INFO     | sam3d_objects.pipeline.inference_pipeline:decode_slat:614 - Decoding sparse latent...
2026-06-10 16:39:39.639 | INFO     | sam3d_objects.pipeline.inference_pipeline:postprocess_slat_output:542 - Postprocessing mesh with option with_mesh_postprocess False, with_texture_baking False...
2026-06-10 16:39:39.639 | INFO     | sam3d_objects.pipeline.inference_pipeline_pointmap:run:579 - Finished!
2026-06-10 16:39:39.753 | INFO     | sam3d_objects.pipeline.inference_pipeline:sample_sparse_structure:672 - Sampling sparse structure: inference_steps=25, strength=7, interval=[0, 500], rescale_t=3, cfg_strength_pm=0.0
2026-06-10 16:39:39.754 | INFO     | sam3d_objects.pipeline.inference_pipeline:get_condition_input:641 - Running condition embedder ...
2026-06-10 16:39:39.810 | INFO     | sam3d_objects.pipeline.inference_pipeline:get_condition_input:645 - Condition embedder finishes!
2026-06-10 16:39:43.964 | INFO     | sam3d_objects.pipeline.inference_pipeline:sample_sparse_structure:722 - Downsampled coords from 7946 to 7745
2026-06-10 16:39:43.966 | INFO     | sam3d_objects.pipeline.inference_pipeline_pointmap:run:457 - Rescaling scale by 1 after downsampling
2026-06-10 16:39:43.967 | INFO     | sam3d_objects.pipeline.inference_pipeline:sample_slat:753 - Sampling sparse latent: inference_steps=25, strength=1, interval=[0, 500], rescale_t=1
2026-06-10 16:39:43.967 | INFO     | sam3d_objects.pipeline.inference_pipeline:get_condition_input:641 - Running condition embedder ...
2026-06-10 16:39:43.999 | INFO     | sam3d_objects.pipeline.inference_pipeline:get_condition_input:645 - Condition embedder finishes!
2026-06-10 16:39:45.921 | INFO     | sam3d_objects.pipeline.inference_pipeline:decode_slat:614 - Decoding sparse latent...
2026-06-10 16:39:46.045 | INFO     | sam3d_objects.pipeline.inference_pipeline:postprocess_slat_output:542 - Postprocessing mesh with option with_mesh_postprocess False, with_texture_baking False...
2026-06-10 16:39:46.045 | INFO     | sam3d_objects.pipeline.inference_pipeline_pointmap:run:579 - Finished!
[ 58] bottle   gt_iso=0.183 pred=0.188 rel_gtpm=0.026  moge=0.667
2026-06-10 16:39:46.084 | INFO     | sam3d_objects.pipeline.inference_pipeline:sample_sparse_structure:672 - Sampling sparse structure: inference_steps=25, strength=7, interval=[0, 500], rescale_t=3, cfg_strength_pm=0.0
2026-06-10 16:39:46.084 | INFO     | sam3d_objects.pipeline.inference_pipeline:get_condition_input:641 - Running condition embedder ...
2026-06-10 16:39:46.141 | INFO     | sam3d_objects.pipeline.inference_pipeline:get_condition_input:645 - Condition embedder finishes!
2026-06-10 16:39:50.287 | INFO     | sam3d_objects.pipeline.inference_pipeline:sample_sparse_structure:722 - Downsampled coords from 17158 to 16327
2026-06-10 16:39:50.290 | INFO     | sam3d_objects.pipeline.inference_pipeline_pointmap:run:457 - Rescaling scale by 1 after downsampling
2026-06-10 16:39:50.290 | INFO     | sam3d_objects.pipeline.inference_pipeline:sample_slat:753 - Sampling sparse latent: inference_steps=25, strength=1, interval=[0, 500], rescale_t=1
2026-06-10 16:39:50.290 | INFO     | sam3d_objects.pipeline.inference_pipeline:get_condition_input:641 - Running condition embedder ...
2026-06-10 16:39:50.323 | INFO     | sam3d_objects.pipeline.inference_pipeline:get_condition_input:645 - Condition embedder finishes!
2026-06-10 16:39:55.342 | INFO     | sam3d_objects.pipeline.inference_pipeline:decode_slat:614 - Decoding sparse latent...
2026-06-10 16:39:55.689 | INFO     | sam3d_objects.pipeline.inference_pipeline:postprocess_slat_output:542 - Postprocessing mesh with option with_mesh_postprocess False, with_texture_baking False...
2026-06-10 16:39:55.690 | INFO     | sam3d_objects.pipeline.inference_pipeline_pointmap:run:579 - Finished!
2026-06-10 16:39:55.826 | INFO     | sam3d_objects.pipeline.inference_pipeline:sample_sparse_structure:672 - Sampling sparse structure: inference_steps=25, strength=7, interval=[0, 500], rescale_t=3, cfg_strength_pm=0.0
2026-06-10 16:39:55.827 | INFO     | sam3d_objects.pipeline.inference_pipeline:get_condition_input:641 - Running condition embedder ...
2026-06-10 16:39:55.883 | INFO     | sam3d_objects.pipeline.inference_pipeline:get_condition_input:645 - Condition embedder finishes!
2026-06-10 16:40:00.035 | INFO     | sam3d_objects.pipeline.inference_pipeline:sample_sparse_structure:722 - Downsampled coords from 17188 to 16355
2026-06-10 16:40:00.038 | INFO     | sam3d_objects.pipeline.inference_pipeline_pointmap:run:457 - Rescaling scale by 1 after downsampling
2026-06-10 16:40:00.038 | INFO     | sam3d_objects.pipeline.inference_pipeline:sample_slat:753 - Sampling sparse latent: inference_steps=25, strength=1, interval=[0, 500], rescale_t=1
2026-06-10 16:40:00.038 | INFO     | sam3d_objects.pipeline.inference_pipeline:get_condition_input:641 - Running condition embedder ...
2026-06-10 16:40:00.071 | INFO     | sam3d_objects.pipeline.inference_pipeline:get_condition_input:645 - Condition embedder finishes!
2026-06-10 16:40:05.087 | INFO     | sam3d_objects.pipeline.inference_pipeline:decode_slat:614 - Decoding sparse latent...
2026-06-10 16:40:05.433 | INFO     | sam3d_objects.pipeline.inference_pipeline:postprocess_slat_output:542 - Postprocessing mesh with option with_mesh_postprocess False, with_texture_baking False...
2026-06-10 16:40:05.433 | INFO     | sam3d_objects.pipeline.inference_pipeline_pointmap:run:579 - Finished!
[ 59] camera   gt_iso=0.180 pred=0.190 rel_gtpm=0.055  moge=0.748
2026-06-10 16:40:05.526 | INFO     | sam3d_objects.pipeline.inference_pipeline:sample_sparse_structure:672 - Sampling sparse structure: inference_steps=25, strength=7, interval=[0, 500], rescale_t=3, cfg_strength_pm=0.0
2026-06-10 16:40:05.526 | INFO     | sam3d_objects.pipeline.inference_pipeline:get_condition_input:641 - Running condition embedder ...
2026-06-10 16:40:05.582 | INFO     | sam3d_objects.pipeline.inference_pipeline:get_condition_input:645 - Condition embedder finishes!
2026-06-10 16:40:09.736 | INFO     | sam3d_objects.pipeline.inference_pipeline:sample_sparse_structure:722 - Downsampled coords from 20992 to 20981
2026-06-10 16:40:09.739 | INFO     | sam3d_objects.pipeline.inference_pipeline_pointmap:run:457 - Rescaling scale by 1 after downsampling
2026-06-10 16:40:09.739 | INFO     | sam3d_objects.pipeline.inference_pipeline:sample_slat:753 - Sampling sparse latent: inference_steps=25, strength=1, interval=[0, 500], rescale_t=1
2026-06-10 16:40:09.739 | INFO     | sam3d_objects.pipeline.inference_pipeline:get_condition_input:641 - Running condition embedder ...
2026-06-10 16:40:09.773 | INFO     | sam3d_objects.pipeline.inference_pipeline:get_condition_input:645 - Condition embedder finishes!
2026-06-10 16:40:15.373 | INFO     | sam3d_objects.pipeline.inference_pipeline:decode_slat:614 - Decoding sparse latent...
2026-06-10 16:40:15.888 | INFO     | sam3d_objects.pipeline.inference_pipeline:postprocess_slat_output:542 - Postprocessing mesh with option with_mesh_postprocess False, with_texture_baking False...
2026-06-10 16:40:15.888 | INFO     | sam3d_objects.pipeline.inference_pipeline_pointmap:run:579 - Finished!
2026-06-10 16:40:16.263 | INFO     | sam3d_objects.pipeline.inference_pipeline:sample_sparse_structure:672 - Sampling sparse structure: inference_steps=25, strength=7, interval=[0, 500], rescale_t=3, cfg_strength_pm=0.0
2026-06-10 16:40:16.263 | INFO     | sam3d_objects.pipeline.inference_pipeline:get_condition_input:641 - Running condition embedder ...
2026-06-10 16:40:16.319 | INFO     | sam3d_objects.pipeline.inference_pipeline:get_condition_input:645 - Condition embedder finishes!
2026-06-10 16:40:20.464 | INFO     | sam3d_objects.pipeline.inference_pipeline:sample_sparse_structure:722 - Downsampled coords from 21438 to 21433
2026-06-10 16:40:20.467 | INFO     | sam3d_objects.pipeline.inference_pipeline_pointmap:run:457 - Rescaling scale by 1 after downsampling
2026-06-10 16:40:20.467 | INFO     | sam3d_objects.pipeline.inference_pipeline:sample_slat:753 - Sampling sparse latent: inference_steps=25, strength=1, interval=[0, 500], rescale_t=1
2026-06-10 16:40:20.467 | INFO     | sam3d_objects.pipeline.inference_pipeline:get_condition_input:641 - Running condition embedder ...
2026-06-10 16:40:20.500 | INFO     | sam3d_objects.pipeline.inference_pipeline:get_condition_input:645 - Condition embedder finishes!
2026-06-10 16:40:25.850 | INFO     | sam3d_objects.pipeline.inference_pipeline:decode_slat:614 - Decoding sparse latent...
2026-06-10 16:40:26.376 | INFO     | sam3d_objects.pipeline.inference_pipeline:postprocess_slat_output:542 - Postprocessing mesh with option with_mesh_postprocess False, with_texture_baking False...
2026-06-10 16:40:26.376 | INFO     | sam3d_objects.pipeline.inference_pipeline_pointmap:run:579 - Finished!
[ 60] cup      gt_iso=0.114 pred=0.130 rel_gtpm=0.146  moge=0.770
2026-06-10 16:40:26.450 | INFO     | sam3d_objects.pipeline.inference_pipeline:sample_sparse_structure:672 - Sampling sparse structure: inference_steps=25, strength=7, interval=[0, 500], rescale_t=3, cfg_strength_pm=0.0
2026-06-10 16:40:26.450 | INFO     | sam3d_objects.pipeline.inference_pipeline:get_condition_input:641 - Running condition embedder ...
2026-06-10 16:40:26.507 | INFO     | sam3d_objects.pipeline.inference_pipeline:get_condition_input:645 - Condition embedder finishes!
2026-06-10 16:40:30.655 | INFO     | sam3d_objects.pipeline.inference_pipeline:sample_sparse_structure:722 - Downsampled coords from 8613 to 8464
2026-06-10 16:40:30.658 | INFO     | sam3d_objects.pipeline.inference_pipeline_pointmap:run:457 - Rescaling scale by 1 after downsampling
2026-06-10 16:40:30.658 | INFO     | sam3d_objects.pipeline.inference_pipeline:sample_slat:753 - Sampling sparse latent: inference_steps=25, strength=1, interval=[0, 500], rescale_t=1
2026-06-10 16:40:30.658 | INFO     | sam3d_objects.pipeline.inference_pipeline:get_condition_input:641 - Running condition embedder ...
2026-06-10 16:40:30.691 | INFO     | sam3d_objects.pipeline.inference_pipeline:get_condition_input:645 - Condition embedder finishes!
2026-06-10 16:40:32.620 | INFO     | sam3d_objects.pipeline.inference_pipeline:decode_slat:614 - Decoding sparse latent...
2026-06-10 16:40:32.752 | INFO     | sam3d_objects.pipeline.inference_pipeline:postprocess_slat_output:542 - Postprocessing mesh with option with_mesh_postprocess False, with_texture_baking False...
2026-06-10 16:40:32.753 | INFO     | sam3d_objects.pipeline.inference_pipeline_pointmap:run:579 - Finished!
2026-06-10 16:40:32.868 | INFO     | sam3d_objects.pipeline.inference_pipeline:sample_sparse_structure:672 - Sampling sparse structure: inference_steps=25, strength=7, interval=[0, 500], rescale_t=3, cfg_strength_pm=0.0
2026-06-10 16:40:32.868 | INFO     | sam3d_objects.pipeline.inference_pipeline:get_condition_input:641 - Running condition embedder ...
2026-06-10 16:40:32.924 | INFO     | sam3d_objects.pipeline.inference_pipeline:get_condition_input:645 - Condition embedder finishes!
2026-06-10 16:40:37.070 | INFO     | sam3d_objects.pipeline.inference_pipeline:sample_sparse_structure:722 - Downsampled coords from 9578 to 9411
2026-06-10 16:40:37.072 | INFO     | sam3d_objects.pipeline.inference_pipeline_pointmap:run:457 - Rescaling scale by 1 after downsampling
2026-06-10 16:40:37.073 | INFO     | sam3d_objects.pipeline.inference_pipeline:sample_slat:753 - Sampling sparse latent: inference_steps=25, strength=1, interval=[0, 500], rescale_t=1
2026-06-10 16:40:37.073 | INFO     | sam3d_objects.pipeline.inference_pipeline:get_condition_input:641 - Running condition embedder ...
2026-06-10 16:40:37.106 | INFO     | sam3d_objects.pipeline.inference_pipeline:get_condition_input:645 - Condition embedder finishes!
2026-06-10 16:40:39.095 | INFO     | sam3d_objects.pipeline.inference_pipeline:decode_slat:614 - Decoding sparse latent...
2026-06-10 16:40:39.256 | INFO     | sam3d_objects.pipeline.inference_pipeline:postprocess_slat_output:542 - Postprocessing mesh with option with_mesh_postprocess False, with_texture_baking False...
2026-06-10 16:40:39.256 | INFO     | sam3d_objects.pipeline.inference_pipeline_pointmap:run:579 - Finished!
[ 61] bottle   gt_iso=0.183 pred=0.169 rel_gtpm=0.078  moge=0.435
2026-06-10 16:40:39.295 | INFO     | sam3d_objects.pipeline.inference_pipeline:sample_sparse_structure:672 - Sampling sparse structure: inference_steps=25, strength=7, interval=[0, 500], rescale_t=3, cfg_strength_pm=0.0
2026-06-10 16:40:39.296 | INFO     | sam3d_objects.pipeline.inference_pipeline:get_condition_input:641 - Running condition embedder ...
2026-06-10 16:40:39.352 | INFO     | sam3d_objects.pipeline.inference_pipeline:get_condition_input:645 - Condition embedder finishes!
2026-06-10 16:40:43.506 | INFO     | sam3d_objects.pipeline.inference_pipeline:sample_sparse_structure:722 - Downsampled coords from 17926 to 17923
2026-06-10 16:40:43.509 | INFO     | sam3d_objects.pipeline.inference_pipeline_pointmap:run:457 - Rescaling scale by 1 after downsampling
2026-06-10 16:40:43.509 | INFO     | sam3d_objects.pipeline.inference_pipeline:sample_slat:753 - Sampling sparse latent: inference_steps=25, strength=1, interval=[0, 500], rescale_t=1
2026-06-10 16:40:43.509 | INFO     | sam3d_objects.pipeline.inference_pipeline:get_condition_input:641 - Running condition embedder ...
2026-06-10 16:40:43.542 | INFO     | sam3d_objects.pipeline.inference_pipeline:get_condition_input:645 - Condition embedder finishes!
2026-06-10 16:40:48.467 | INFO     | sam3d_objects.pipeline.inference_pipeline:decode_slat:614 - Decoding sparse latent...
2026-06-10 16:40:48.861 | INFO     | sam3d_objects.pipeline.inference_pipeline:postprocess_slat_output:542 - Postprocessing mesh with option with_mesh_postprocess False, with_texture_baking False...
2026-06-10 16:40:48.862 | INFO     | sam3d_objects.pipeline.inference_pipeline_pointmap:run:579 - Finished!
2026-06-10 16:40:48.994 | INFO     | sam3d_objects.pipeline.inference_pipeline:sample_sparse_structure:672 - Sampling sparse structure: inference_steps=25, strength=7, interval=[0, 500], rescale_t=3, cfg_strength_pm=0.0
2026-06-10 16:40:48.995 | INFO     | sam3d_objects.pipeline.inference_pipeline:get_condition_input:641 - Running condition embedder ...
2026-06-10 16:40:49.051 | INFO     | sam3d_objects.pipeline.inference_pipeline:get_condition_input:645 - Condition embedder finishes!
2026-06-10 16:40:53.204 | INFO     | sam3d_objects.pipeline.inference_pipeline:sample_sparse_structure:722 - Downsampled coords from 17837 to 17833
2026-06-10 16:40:53.207 | INFO     | sam3d_objects.pipeline.inference_pipeline_pointmap:run:457 - Rescaling scale by 1 after downsampling
2026-06-10 16:40:53.207 | INFO     | sam3d_objects.pipeline.inference_pipeline:sample_slat:753 - Sampling sparse latent: inference_steps=25, strength=1, interval=[0, 500], rescale_t=1
2026-06-10 16:40:53.207 | INFO     | sam3d_objects.pipeline.inference_pipeline:get_condition_input:641 - Running condition embedder ...
2026-06-10 16:40:53.240 | INFO     | sam3d_objects.pipeline.inference_pipeline:get_condition_input:645 - Condition embedder finishes!
2026-06-10 16:40:58.043 | INFO     | sam3d_objects.pipeline.inference_pipeline:decode_slat:614 - Decoding sparse latent...
2026-06-10 16:40:58.438 | INFO     | sam3d_objects.pipeline.inference_pipeline:postprocess_slat_output:542 - Postprocessing mesh with option with_mesh_postprocess False, with_texture_baking False...
2026-06-10 16:40:58.439 | INFO     | sam3d_objects.pipeline.inference_pipeline_pointmap:run:579 - Finished!
[ 62] bowl     gt_iso=0.157 pred=0.162 rel_gtpm=0.029  moge=0.909
2026-06-10 16:40:58.488 | INFO     | sam3d_objects.pipeline.inference_pipeline:sample_sparse_structure:672 - Sampling sparse structure: inference_steps=25, strength=7, interval=[0, 500], rescale_t=3, cfg_strength_pm=0.0
2026-06-10 16:40:58.488 | INFO     | sam3d_objects.pipeline.inference_pipeline:get_condition_input:641 - Running condition embedder ...
2026-06-10 16:40:58.545 | INFO     | sam3d_objects.pipeline.inference_pipeline:get_condition_input:645 - Condition embedder finishes!
2026-06-10 16:41:02.698 | INFO     | sam3d_objects.pipeline.inference_pipeline:sample_sparse_structure:722 - Downsampled coords from 15747 to 14875
2026-06-10 16:41:02.701 | INFO     | sam3d_objects.pipeline.inference_pipeline_pointmap:run:457 - Rescaling scale by 1 after downsampling
2026-06-10 16:41:02.701 | INFO     | sam3d_objects.pipeline.inference_pipeline:sample_slat:753 - Sampling sparse latent: inference_steps=25, strength=1, interval=[0, 500], rescale_t=1
2026-06-10 16:41:02.702 | INFO     | sam3d_objects.pipeline.inference_pipeline:get_condition_input:641 - Running condition embedder ...
2026-06-10 16:41:02.735 | INFO     | sam3d_objects.pipeline.inference_pipeline:get_condition_input:645 - Condition embedder finishes!
2026-06-10 16:41:06.606 | INFO     | sam3d_objects.pipeline.inference_pipeline:decode_slat:614 - Decoding sparse latent...
2026-06-10 16:41:06.904 | INFO     | sam3d_objects.pipeline.inference_pipeline:postprocess_slat_output:542 - Postprocessing mesh with option with_mesh_postprocess False, with_texture_baking False...
2026-06-10 16:41:06.904 | INFO     | sam3d_objects.pipeline.inference_pipeline_pointmap:run:579 - Finished!
2026-06-10 16:41:07.039 | INFO     | sam3d_objects.pipeline.inference_pipeline:sample_sparse_structure:672 - Sampling sparse structure: inference_steps=25, strength=7, interval=[0, 500], rescale_t=3, cfg_strength_pm=0.0
2026-06-10 16:41:07.039 | INFO     | sam3d_objects.pipeline.inference_pipeline:get_condition_input:641 - Running condition embedder ...
2026-06-10 16:41:07.096 | INFO     | sam3d_objects.pipeline.inference_pipeline:get_condition_input:645 - Condition embedder finishes!
2026-06-10 16:41:11.249 | INFO     | sam3d_objects.pipeline.inference_pipeline:sample_sparse_structure:722 - Downsampled coords from 15873 to 14894
2026-06-10 16:41:11.252 | INFO     | sam3d_objects.pipeline.inference_pipeline_pointmap:run:457 - Rescaling scale by 1 after downsampling
2026-06-10 16:41:11.252 | INFO     | sam3d_objects.pipeline.inference_pipeline:sample_slat:753 - Sampling sparse latent: inference_steps=25, strength=1, interval=[0, 500], rescale_t=1
2026-06-10 16:41:11.252 | INFO     | sam3d_objects.pipeline.inference_pipeline:get_condition_input:641 - Running condition embedder ...
2026-06-10 16:41:11.285 | INFO     | sam3d_objects.pipeline.inference_pipeline:get_condition_input:645 - Condition embedder finishes!
2026-06-10 16:41:15.141 | INFO     | sam3d_objects.pipeline.inference_pipeline:decode_slat:614 - Decoding sparse latent...
2026-06-10 16:41:15.440 | INFO     | sam3d_objects.pipeline.inference_pipeline:postprocess_slat_output:542 - Postprocessing mesh with option with_mesh_postprocess False, with_texture_baking False...
2026-06-10 16:41:15.441 | INFO     | sam3d_objects.pipeline.inference_pipeline_pointmap:run:579 - Finished!
[ 63] laptop   gt_iso=0.418 pred=0.441 rel_gtpm=0.057  moge=1.094
2026-06-10 16:41:15.751 | INFO     | sam3d_objects.pipeline.inference_pipeline:sample_sparse_structure:672 - Sampling sparse structure: inference_steps=25, strength=7, interval=[0, 500], rescale_t=3, cfg_strength_pm=0.0
2026-06-10 16:41:15.752 | INFO     | sam3d_objects.pipeline.inference_pipeline:get_condition_input:641 - Running condition embedder ...
2026-06-10 16:41:15.808 | INFO     | sam3d_objects.pipeline.inference_pipeline:get_condition_input:645 - Condition embedder finishes!
2026-06-10 16:41:19.958 | INFO     | sam3d_objects.pipeline.inference_pipeline:sample_sparse_structure:722 - Downsampled coords from 12186 to 11445
2026-06-10 16:41:19.962 | INFO     | sam3d_objects.pipeline.inference_pipeline_pointmap:run:457 - Rescaling scale by 1 after downsampling
2026-06-10 16:41:19.962 | INFO     | sam3d_objects.pipeline.inference_pipeline:sample_slat:753 - Sampling sparse latent: inference_steps=25, strength=1, interval=[0, 500], rescale_t=1
2026-06-10 16:41:19.962 | INFO     | sam3d_objects.pipeline.inference_pipeline:get_condition_input:641 - Running condition embedder ...
2026-06-10 16:41:19.996 | INFO     | sam3d_objects.pipeline.inference_pipeline:get_condition_input:645 - Condition embedder finishes!
2026-06-10 16:41:23.122 | INFO     | sam3d_objects.pipeline.inference_pipeline:decode_slat:614 - Decoding sparse latent...
2026-06-10 16:41:23.325 | INFO     | sam3d_objects.pipeline.inference_pipeline:postprocess_slat_output:542 - Postprocessing mesh with option with_mesh_postprocess False, with_texture_baking False...
2026-06-10 16:41:23.325 | INFO     | sam3d_objects.pipeline.inference_pipeline_pointmap:run:579 - Finished!
2026-06-10 16:41:23.612 | INFO     | sam3d_objects.pipeline.inference_pipeline:sample_sparse_structure:672 - Sampling sparse structure: inference_steps=25, strength=7, interval=[0, 500], rescale_t=3, cfg_strength_pm=0.0
2026-06-10 16:41:23.613 | INFO     | sam3d_objects.pipeline.inference_pipeline:get_condition_input:641 - Running condition embedder ...
2026-06-10 16:41:23.669 | INFO     | sam3d_objects.pipeline.inference_pipeline:get_condition_input:645 - Condition embedder finishes!
2026-06-10 16:41:27.818 | INFO     | sam3d_objects.pipeline.inference_pipeline:sample_sparse_structure:722 - Downsampled coords from 12176 to 11431
2026-06-10 16:41:27.822 | INFO     | sam3d_objects.pipeline.inference_pipeline_pointmap:run:457 - Rescaling scale by 1 after downsampling
2026-06-10 16:41:27.822 | INFO     | sam3d_objects.pipeline.inference_pipeline:sample_slat:753 - Sampling sparse latent: inference_steps=25, strength=1, interval=[0, 500], rescale_t=1
2026-06-10 16:41:27.822 | INFO     | sam3d_objects.pipeline.inference_pipeline:get_condition_input:641 - Running condition embedder ...
2026-06-10 16:41:27.856 | INFO     | sam3d_objects.pipeline.inference_pipeline:get_condition_input:645 - Condition embedder finishes!
2026-06-10 16:41:30.935 | INFO     | sam3d_objects.pipeline.inference_pipeline:decode_slat:614 - Decoding sparse latent...
2026-06-10 16:41:31.138 | INFO     | sam3d_objects.pipeline.inference_pipeline:postprocess_slat_output:542 - Postprocessing mesh with option with_mesh_postprocess False, with_texture_baking False...
2026-06-10 16:41:31.138 | INFO     | sam3d_objects.pipeline.inference_pipeline_pointmap:run:579 - Finished!
[ 64] laptop   gt_iso=0.307 pred=0.304 rel_gtpm=0.010  moge=0.661
2026-06-10 16:41:31.191 | INFO     | sam3d_objects.pipeline.inference_pipeline:sample_sparse_structure:672 - Sampling sparse structure: inference_steps=25, strength=7, interval=[0, 500], rescale_t=3, cfg_strength_pm=0.0
2026-06-10 16:41:31.192 | INFO     | sam3d_objects.pipeline.inference_pipeline:get_condition_input:641 - Running condition embedder ...
2026-06-10 16:41:31.248 | INFO     | sam3d_objects.pipeline.inference_pipeline:get_condition_input:645 - Condition embedder finishes!
2026-06-10 16:41:35.405 | INFO     | sam3d_objects.pipeline.inference_pipeline:sample_sparse_structure:722 - Downsampled coords from 14810 to 14791
2026-06-10 16:41:35.408 | INFO     | sam3d_objects.pipeline.inference_pipeline_pointmap:run:457 - Rescaling scale by 1 after downsampling
2026-06-10 16:41:35.408 | INFO     | sam3d_objects.pipeline.inference_pipeline:sample_slat:753 - Sampling sparse latent: inference_steps=25, strength=1, interval=[0, 500], rescale_t=1
2026-06-10 16:41:35.408 | INFO     | sam3d_objects.pipeline.inference_pipeline:get_condition_input:641 - Running condition embedder ...
2026-06-10 16:41:35.443 | INFO     | sam3d_objects.pipeline.inference_pipeline:get_condition_input:645 - Condition embedder finishes!
2026-06-10 16:41:39.040 | INFO     | sam3d_objects.pipeline.inference_pipeline:decode_slat:614 - Decoding sparse latent...
2026-06-10 16:41:39.336 | INFO     | sam3d_objects.pipeline.inference_pipeline:postprocess_slat_output:542 - Postprocessing mesh with option with_mesh_postprocess False, with_texture_baking False...
2026-06-10 16:41:39.337 | INFO     | sam3d_objects.pipeline.inference_pipeline_pointmap:run:579 - Finished!
2026-06-10 16:41:39.461 | INFO     | sam3d_objects.pipeline.inference_pipeline:sample_sparse_structure:672 - Sampling sparse structure: inference_steps=25, strength=7, interval=[0, 500], rescale_t=3, cfg_strength_pm=0.0
2026-06-10 16:41:39.462 | INFO     | sam3d_objects.pipeline.inference_pipeline:get_condition_input:641 - Running condition embedder ...
2026-06-10 16:41:39.518 | INFO     | sam3d_objects.pipeline.inference_pipeline:get_condition_input:645 - Condition embedder finishes!
2026-06-10 16:41:43.666 | INFO     | sam3d_objects.pipeline.inference_pipeline:sample_sparse_structure:722 - Downsampled coords from 15215 to 15202
2026-06-10 16:41:43.669 | INFO     | sam3d_objects.pipeline.inference_pipeline_pointmap:run:457 - Rescaling scale by 1 after downsampling
2026-06-10 16:41:43.669 | INFO     | sam3d_objects.pipeline.inference_pipeline:sample_slat:753 - Sampling sparse latent: inference_steps=25, strength=1, interval=[0, 500], rescale_t=1
2026-06-10 16:41:43.669 | INFO     | sam3d_objects.pipeline.inference_pipeline:get_condition_input:641 - Running condition embedder ...
2026-06-10 16:41:43.703 | INFO     | sam3d_objects.pipeline.inference_pipeline:get_condition_input:645 - Condition embedder finishes!
2026-06-10 16:41:47.507 | INFO     | sam3d_objects.pipeline.inference_pipeline:decode_slat:614 - Decoding sparse latent...
2026-06-10 16:41:47.815 | INFO     | sam3d_objects.pipeline.inference_pipeline:postprocess_slat_output:542 - Postprocessing mesh with option with_mesh_postprocess False, with_texture_baking False...
2026-06-10 16:41:47.815 | INFO     | sam3d_objects.pipeline.inference_pipeline_pointmap:run:579 - Finished!
[ 65] bottle   gt_iso=0.159 pred=0.175 rel_gtpm=0.102  moge=0.952
2026-06-10 16:41:47.860 | INFO     | sam3d_objects.pipeline.inference_pipeline:sample_sparse_structure:672 - Sampling sparse structure: inference_steps=25, strength=7, interval=[0, 500], rescale_t=3, cfg_strength_pm=0.0
2026-06-10 16:41:47.860 | INFO     | sam3d_objects.pipeline.inference_pipeline:get_condition_input:641 - Running condition embedder ...
2026-06-10 16:41:47.917 | INFO     | sam3d_objects.pipeline.inference_pipeline:get_condition_input:645 - Condition embedder finishes!
2026-06-10 16:41:52.068 | INFO     | sam3d_objects.pipeline.inference_pipeline:sample_sparse_structure:722 - Downsampled coords from 7934 to 7934
2026-06-10 16:41:52.071 | INFO     | sam3d_objects.pipeline.inference_pipeline_pointmap:run:457 - Rescaling scale by 1 after downsampling
2026-06-10 16:41:52.071 | INFO     | sam3d_objects.pipeline.inference_pipeline:sample_slat:753 - Sampling sparse latent: inference_steps=25, strength=1, interval=[0, 500], rescale_t=1
2026-06-10 16:41:52.071 | INFO     | sam3d_objects.pipeline.inference_pipeline:get_condition_input:641 - Running condition embedder ...
2026-06-10 16:41:52.105 | INFO     | sam3d_objects.pipeline.inference_pipeline:get_condition_input:645 - Condition embedder finishes!
2026-06-10 16:41:54.829 | INFO     | sam3d_objects.pipeline.inference_pipeline:decode_slat:614 - Decoding sparse latent...
2026-06-10 16:41:54.958 | INFO     | sam3d_objects.pipeline.inference_pipeline:postprocess_slat_output:542 - Postprocessing mesh with option with_mesh_postprocess False, with_texture_baking False...
2026-06-10 16:41:54.958 | INFO     | sam3d_objects.pipeline.inference_pipeline_pointmap:run:579 - Finished!
2026-06-10 16:41:55.083 | INFO     | sam3d_objects.pipeline.inference_pipeline:sample_sparse_structure:672 - Sampling sparse structure: inference_steps=25, strength=7, interval=[0, 500], rescale_t=3, cfg_strength_pm=0.0
2026-06-10 16:41:55.084 | INFO     | sam3d_objects.pipeline.inference_pipeline:get_condition_input:641 - Running condition embedder ...
2026-06-10 16:41:55.140 | INFO     | sam3d_objects.pipeline.inference_pipeline:get_condition_input:645 - Condition embedder finishes!
2026-06-10 16:41:59.294 | INFO     | sam3d_objects.pipeline.inference_pipeline:sample_sparse_structure:722 - Downsampled coords from 7796 to 7796
2026-06-10 16:41:59.297 | INFO     | sam3d_objects.pipeline.inference_pipeline_pointmap:run:457 - Rescaling scale by 1 after downsampling
2026-06-10 16:41:59.297 | INFO     | sam3d_objects.pipeline.inference_pipeline:sample_slat:753 - Sampling sparse latent: inference_steps=25, strength=1, interval=[0, 500], rescale_t=1
2026-06-10 16:41:59.297 | INFO     | sam3d_objects.pipeline.inference_pipeline:get_condition_input:641 - Running condition embedder ...
2026-06-10 16:41:59.331 | INFO     | sam3d_objects.pipeline.inference_pipeline:get_condition_input:645 - Condition embedder finishes!
2026-06-10 16:42:02.060 | INFO     | sam3d_objects.pipeline.inference_pipeline:decode_slat:614 - Decoding sparse latent...
2026-06-10 16:42:02.188 | INFO     | sam3d_objects.pipeline.inference_pipeline:postprocess_slat_output:542 - Postprocessing mesh with option with_mesh_postprocess False, with_texture_baking False...
2026-06-10 16:42:02.188 | INFO     | sam3d_objects.pipeline.inference_pipeline_pointmap:run:579 - Finished!
[ 66] can      gt_iso=0.130 pred=0.132 rel_gtpm=0.008  moge=0.737
2026-06-10 16:42:02.232 | INFO     | sam3d_objects.pipeline.inference_pipeline:sample_sparse_structure:672 - Sampling sparse structure: inference_steps=25, strength=7, interval=[0, 500], rescale_t=3, cfg_strength_pm=0.0
2026-06-10 16:42:02.232 | INFO     | sam3d_objects.pipeline.inference_pipeline:get_condition_input:641 - Running condition embedder ...
2026-06-10 16:42:02.288 | INFO     | sam3d_objects.pipeline.inference_pipeline:get_condition_input:645 - Condition embedder finishes!
2026-06-10 16:42:06.436 | INFO     | sam3d_objects.pipeline.inference_pipeline:sample_sparse_structure:722 - Downsampled coords from 14887 to 14884
2026-06-10 16:42:06.440 | INFO     | sam3d_objects.pipeline.inference_pipeline_pointmap:run:457 - Rescaling scale by 1 after downsampling
2026-06-10 16:42:06.440 | INFO     | sam3d_objects.pipeline.inference_pipeline:sample_slat:753 - Sampling sparse latent: inference_steps=25, strength=1, interval=[0, 500], rescale_t=1
2026-06-10 16:42:06.440 | INFO     | sam3d_objects.pipeline.inference_pipeline:get_condition_input:641 - Running condition embedder ...
2026-06-10 16:42:06.474 | INFO     | sam3d_objects.pipeline.inference_pipeline:get_condition_input:645 - Condition embedder finishes!
2026-06-10 16:42:10.239 | INFO     | sam3d_objects.pipeline.inference_pipeline:decode_slat:614 - Decoding sparse latent...
2026-06-10 16:42:10.538 | INFO     | sam3d_objects.pipeline.inference_pipeline:postprocess_slat_output:542 - Postprocessing mesh with option with_mesh_postprocess False, with_texture_baking False...
2026-06-10 16:42:10.539 | INFO     | sam3d_objects.pipeline.inference_pipeline_pointmap:run:579 - Finished!
2026-06-10 16:42:10.762 | INFO     | sam3d_objects.pipeline.inference_pipeline:sample_sparse_structure:672 - Sampling sparse structure: inference_steps=25, strength=7, interval=[0, 500], rescale_t=3, cfg_strength_pm=0.0
2026-06-10 16:42:10.762 | INFO     | sam3d_objects.pipeline.inference_pipeline:get_condition_input:641 - Running condition embedder ...
2026-06-10 16:42:10.818 | INFO     | sam3d_objects.pipeline.inference_pipeline:get_condition_input:645 - Condition embedder finishes!
2026-06-10 16:42:14.969 | INFO     | sam3d_objects.pipeline.inference_pipeline:sample_sparse_structure:722 - Downsampled coords from 16699 to 16695
2026-06-10 16:42:14.972 | INFO     | sam3d_objects.pipeline.inference_pipeline_pointmap:run:457 - Rescaling scale by 1 after downsampling
2026-06-10 16:42:14.972 | INFO     | sam3d_objects.pipeline.inference_pipeline:sample_slat:753 - Sampling sparse latent: inference_steps=25, strength=1, interval=[0, 500], rescale_t=1
2026-06-10 16:42:14.972 | INFO     | sam3d_objects.pipeline.inference_pipeline:get_condition_input:641 - Running condition embedder ...
2026-06-10 16:42:15.005 | INFO     | sam3d_objects.pipeline.inference_pipeline:get_condition_input:645 - Condition embedder finishes!
2026-06-10 16:42:18.976 | INFO     | sam3d_objects.pipeline.inference_pipeline:decode_slat:614 - Decoding sparse latent...
2026-06-10 16:42:19.334 | INFO     | sam3d_objects.pipeline.inference_pipeline:postprocess_slat_output:542 - Postprocessing mesh with option with_mesh_postprocess False, with_texture_baking False...
2026-06-10 16:42:19.334 | INFO     | sam3d_objects.pipeline.inference_pipeline_pointmap:run:579 - Finished!
[ 67] bowl     gt_iso=0.172 pred=0.178 rel_gtpm=0.031  moge=0.686
2026-06-10 16:42:19.381 | INFO     | sam3d_objects.pipeline.inference_pipeline:sample_sparse_structure:672 - Sampling sparse structure: inference_steps=25, strength=7, interval=[0, 500], rescale_t=3, cfg_strength_pm=0.0
2026-06-10 16:42:19.381 | INFO     | sam3d_objects.pipeline.inference_pipeline:get_condition_input:641 - Running condition embedder ...
2026-06-10 16:42:19.437 | INFO     | sam3d_objects.pipeline.inference_pipeline:get_condition_input:645 - Condition embedder finishes!
2026-06-10 16:42:23.587 | INFO     | sam3d_objects.pipeline.inference_pipeline:sample_sparse_structure:722 - Downsampled coords from 21498 to 21494
2026-06-10 16:42:23.590 | INFO     | sam3d_objects.pipeline.inference_pipeline_pointmap:run:457 - Rescaling scale by 1 after downsampling
2026-06-10 16:42:23.590 | INFO     | sam3d_objects.pipeline.inference_pipeline:sample_slat:753 - Sampling sparse latent: inference_steps=25, strength=1, interval=[0, 500], rescale_t=1
2026-06-10 16:42:23.590 | INFO     | sam3d_objects.pipeline.inference_pipeline:get_condition_input:641 - Running condition embedder ...
2026-06-10 16:42:23.623 | INFO     | sam3d_objects.pipeline.inference_pipeline:get_condition_input:645 - Condition embedder finishes!
2026-06-10 16:42:28.709 | INFO     | sam3d_objects.pipeline.inference_pipeline:decode_slat:614 - Decoding sparse latent...
2026-06-10 16:42:29.242 | INFO     | sam3d_objects.pipeline.inference_pipeline:postprocess_slat_output:542 - Postprocessing mesh with option with_mesh_postprocess False, with_texture_baking False...
2026-06-10 16:42:29.242 | INFO     | sam3d_objects.pipeline.inference_pipeline_pointmap:run:579 - Finished!
2026-06-10 16:42:29.381 | INFO     | sam3d_objects.pipeline.inference_pipeline:sample_sparse_structure:672 - Sampling sparse structure: inference_steps=25, strength=7, interval=[0, 500], rescale_t=3, cfg_strength_pm=0.0
2026-06-10 16:42:29.381 | INFO     | sam3d_objects.pipeline.inference_pipeline:get_condition_input:641 - Running condition embedder ...
2026-06-10 16:42:29.437 | INFO     | sam3d_objects.pipeline.inference_pipeline:get_condition_input:645 - Condition embedder finishes!
2026-06-10 16:42:33.583 | INFO     | sam3d_objects.pipeline.inference_pipeline:sample_sparse_structure:722 - Downsampled coords from 21662 to 21651
2026-06-10 16:42:33.586 | INFO     | sam3d_objects.pipeline.inference_pipeline_pointmap:run:457 - Rescaling scale by 1 after downsampling
2026-06-10 16:42:33.586 | INFO     | sam3d_objects.pipeline.inference_pipeline:sample_slat:753 - Sampling sparse latent: inference_steps=25, strength=1, interval=[0, 500], rescale_t=1
2026-06-10 16:42:33.586 | INFO     | sam3d_objects.pipeline.inference_pipeline:get_condition_input:641 - Running condition embedder ...
2026-06-10 16:42:33.619 | INFO     | sam3d_objects.pipeline.inference_pipeline:get_condition_input:645 - Condition embedder finishes!
2026-06-10 16:42:38.798 | INFO     | sam3d_objects.pipeline.inference_pipeline:decode_slat:614 - Decoding sparse latent...
2026-06-10 16:42:39.333 | INFO     | sam3d_objects.pipeline.inference_pipeline:postprocess_slat_output:542 - Postprocessing mesh with option with_mesh_postprocess False, with_texture_baking False...
2026-06-10 16:42:39.333 | INFO     | sam3d_objects.pipeline.inference_pipeline_pointmap:run:579 - Finished!
[ 68] cup      gt_iso=0.114 pred=0.127 rel_gtpm=0.119  moge=0.875
2026-06-10 16:42:39.630 | INFO     | sam3d_objects.pipeline.inference_pipeline:sample_sparse_structure:672 - Sampling sparse structure: inference_steps=25, strength=7, interval=[0, 500], rescale_t=3, cfg_strength_pm=0.0
2026-06-10 16:42:39.630 | INFO     | sam3d_objects.pipeline.inference_pipeline:get_condition_input:641 - Running condition embedder ...
2026-06-10 16:42:39.686 | INFO     | sam3d_objects.pipeline.inference_pipeline:get_condition_input:645 - Condition embedder finishes!
2026-06-10 16:42:43.822 | INFO     | sam3d_objects.pipeline.inference_pipeline:sample_sparse_structure:722 - Downsampled coords from 7686 to 7686
2026-06-10 16:42:43.825 | INFO     | sam3d_objects.pipeline.inference_pipeline_pointmap:run:457 - Rescaling scale by 1 after downsampling
2026-06-10 16:42:43.825 | INFO     | sam3d_objects.pipeline.inference_pipeline:sample_slat:753 - Sampling sparse latent: inference_steps=25, strength=1, interval=[0, 500], rescale_t=1
2026-06-10 16:42:43.825 | INFO     | sam3d_objects.pipeline.inference_pipeline:get_condition_input:641 - Running condition embedder ...
2026-06-10 16:42:43.858 | INFO     | sam3d_objects.pipeline.inference_pipeline:get_condition_input:645 - Condition embedder finishes!
2026-06-10 16:42:46.558 | INFO     | sam3d_objects.pipeline.inference_pipeline:decode_slat:614 - Decoding sparse latent...
2026-06-10 16:42:46.685 | INFO     | sam3d_objects.pipeline.inference_pipeline:postprocess_slat_output:542 - Postprocessing mesh with option with_mesh_postprocess False, with_texture_baking False...
2026-06-10 16:42:46.685 | INFO     | sam3d_objects.pipeline.inference_pipeline_pointmap:run:579 - Finished!
2026-06-10 16:42:46.922 | INFO     | sam3d_objects.pipeline.inference_pipeline:sample_sparse_structure:672 - Sampling sparse structure: inference_steps=25, strength=7, interval=[0, 500], rescale_t=3, cfg_strength_pm=0.0
2026-06-10 16:42:46.922 | INFO     | sam3d_objects.pipeline.inference_pipeline:get_condition_input:641 - Running condition embedder ...
2026-06-10 16:42:46.978 | INFO     | sam3d_objects.pipeline.inference_pipeline:get_condition_input:645 - Condition embedder finishes!
2026-06-10 16:42:51.113 | INFO     | sam3d_objects.pipeline.inference_pipeline:sample_sparse_structure:722 - Downsampled coords from 7698 to 7698
2026-06-10 16:42:51.116 | INFO     | sam3d_objects.pipeline.inference_pipeline_pointmap:run:457 - Rescaling scale by 1 after downsampling
2026-06-10 16:42:51.116 | INFO     | sam3d_objects.pipeline.inference_pipeline:sample_slat:753 - Sampling sparse latent: inference_steps=25, strength=1, interval=[0, 500], rescale_t=1
2026-06-10 16:42:51.116 | INFO     | sam3d_objects.pipeline.inference_pipeline:get_condition_input:641 - Running condition embedder ...
2026-06-10 16:42:51.149 | INFO     | sam3d_objects.pipeline.inference_pipeline:get_condition_input:645 - Condition embedder finishes!
2026-06-10 16:42:53.844 | INFO     | sam3d_objects.pipeline.inference_pipeline:decode_slat:614 - Decoding sparse latent...
2026-06-10 16:42:53.971 | INFO     | sam3d_objects.pipeline.inference_pipeline:postprocess_slat_output:542 - Postprocessing mesh with option with_mesh_postprocess False, with_texture_baking False...
2026-06-10 16:42:53.971 | INFO     | sam3d_objects.pipeline.inference_pipeline_pointmap:run:579 - Finished!
[ 69] can      gt_iso=0.191 pred=0.189 rel_gtpm=0.012  moge=0.602
2026-06-10 16:42:54.015 | INFO     | sam3d_objects.pipeline.inference_pipeline:sample_sparse_structure:672 - Sampling sparse structure: inference_steps=25, strength=7, interval=[0, 500], rescale_t=3, cfg_strength_pm=0.0
2026-06-10 16:42:54.016 | INFO     | sam3d_objects.pipeline.inference_pipeline:get_condition_input:641 - Running condition embedder ...
2026-06-10 16:42:54.072 | INFO     | sam3d_objects.pipeline.inference_pipeline:get_condition_input:645 - Condition embedder finishes!
2026-06-10 16:42:58.221 | INFO     | sam3d_objects.pipeline.inference_pipeline:sample_sparse_structure:722 - Downsampled coords from 15306 to 15303
2026-06-10 16:42:58.224 | INFO     | sam3d_objects.pipeline.inference_pipeline_pointmap:run:457 - Rescaling scale by 1 after downsampling
2026-06-10 16:42:58.224 | INFO     | sam3d_objects.pipeline.inference_pipeline:sample_slat:753 - Sampling sparse latent: inference_steps=25, strength=1, interval=[0, 500], rescale_t=1
2026-06-10 16:42:58.224 | INFO     | sam3d_objects.pipeline.inference_pipeline:get_condition_input:641 - Running condition embedder ...
2026-06-10 16:42:58.257 | INFO     | sam3d_objects.pipeline.inference_pipeline:get_condition_input:645 - Condition embedder finishes!
2026-06-10 16:43:02.056 | INFO     | sam3d_objects.pipeline.inference_pipeline:decode_slat:614 - Decoding sparse latent...
2026-06-10 16:43:02.365 | INFO     | sam3d_objects.pipeline.inference_pipeline:postprocess_slat_output:542 - Postprocessing mesh with option with_mesh_postprocess False, with_texture_baking False...
2026-06-10 16:43:02.365 | INFO     | sam3d_objects.pipeline.inference_pipeline_pointmap:run:579 - Finished!
2026-06-10 16:43:02.492 | INFO     | sam3d_objects.pipeline.inference_pipeline:sample_sparse_structure:672 - Sampling sparse structure: inference_steps=25, strength=7, interval=[0, 500], rescale_t=3, cfg_strength_pm=0.0
2026-06-10 16:43:02.492 | INFO     | sam3d_objects.pipeline.inference_pipeline:get_condition_input:641 - Running condition embedder ...
2026-06-10 16:43:02.549 | INFO     | sam3d_objects.pipeline.inference_pipeline:get_condition_input:645 - Condition embedder finishes!
2026-06-10 16:43:06.698 | INFO     | sam3d_objects.pipeline.inference_pipeline:sample_sparse_structure:722 - Downsampled coords from 15422 to 15419
2026-06-10 16:43:06.700 | INFO     | sam3d_objects.pipeline.inference_pipeline_pointmap:run:457 - Rescaling scale by 1 after downsampling
2026-06-10 16:43:06.701 | INFO     | sam3d_objects.pipeline.inference_pipeline:sample_slat:753 - Sampling sparse latent: inference_steps=25, strength=1, interval=[0, 500], rescale_t=1
2026-06-10 16:43:06.701 | INFO     | sam3d_objects.pipeline.inference_pipeline:get_condition_input:641 - Running condition embedder ...
2026-06-10 16:43:06.733 | INFO     | sam3d_objects.pipeline.inference_pipeline:get_condition_input:645 - Condition embedder finishes!
2026-06-10 16:43:10.566 | INFO     | sam3d_objects.pipeline.inference_pipeline:decode_slat:614 - Decoding sparse latent...
2026-06-10 16:43:10.877 | INFO     | sam3d_objects.pipeline.inference_pipeline:postprocess_slat_output:542 - Postprocessing mesh with option with_mesh_postprocess False, with_texture_baking False...
2026-06-10 16:43:10.877 | INFO     | sam3d_objects.pipeline.inference_pipeline_pointmap:run:579 - Finished!
[ 70] bowl     gt_iso=0.143 pred=0.162 rel_gtpm=0.138  moge=1.432
2026-06-10 16:43:10.921 | INFO     | sam3d_objects.pipeline.inference_pipeline:sample_sparse_structure:672 - Sampling sparse structure: inference_steps=25, strength=7, interval=[0, 500], rescale_t=3, cfg_strength_pm=0.0
2026-06-10 16:43:10.922 | INFO     | sam3d_objects.pipeline.inference_pipeline:get_condition_input:641 - Running condition embedder ...
2026-06-10 16:43:10.978 | INFO     | sam3d_objects.pipeline.inference_pipeline:get_condition_input:645 - Condition embedder finishes!
2026-06-10 16:43:15.131 | INFO     | sam3d_objects.pipeline.inference_pipeline:sample_sparse_structure:722 - Downsampled coords from 24206 to 23313
2026-06-10 16:43:15.134 | INFO     | sam3d_objects.pipeline.inference_pipeline_pointmap:run:457 - Rescaling scale by 1 after downsampling
2026-06-10 16:43:15.134 | INFO     | sam3d_objects.pipeline.inference_pipeline:sample_slat:753 - Sampling sparse latent: inference_steps=25, strength=1, interval=[0, 500], rescale_t=1
2026-06-10 16:43:15.134 | INFO     | sam3d_objects.pipeline.inference_pipeline:get_condition_input:641 - Running condition embedder ...
2026-06-10 16:43:15.167 | INFO     | sam3d_objects.pipeline.inference_pipeline:get_condition_input:645 - Condition embedder finishes!
2026-06-10 16:43:21.563 | INFO     | sam3d_objects.pipeline.inference_pipeline:decode_slat:614 - Decoding sparse latent...
2026-06-10 16:43:22.174 | INFO     | sam3d_objects.pipeline.inference_pipeline:postprocess_slat_output:542 - Postprocessing mesh with option with_mesh_postprocess False, with_texture_baking False...
2026-06-10 16:43:22.174 | INFO     | sam3d_objects.pipeline.inference_pipeline_pointmap:run:579 - Finished!
2026-06-10 16:43:22.311 | INFO     | sam3d_objects.pipeline.inference_pipeline:sample_sparse_structure:672 - Sampling sparse structure: inference_steps=25, strength=7, interval=[0, 500], rescale_t=3, cfg_strength_pm=0.0
2026-06-10 16:43:22.312 | INFO     | sam3d_objects.pipeline.inference_pipeline:get_condition_input:641 - Running condition embedder ...
2026-06-10 16:43:22.368 | INFO     | sam3d_objects.pipeline.inference_pipeline:get_condition_input:645 - Condition embedder finishes!
2026-06-10 16:43:26.513 | INFO     | sam3d_objects.pipeline.inference_pipeline:sample_sparse_structure:722 - Downsampled coords from 24881 to 23785
2026-06-10 16:43:26.516 | INFO     | sam3d_objects.pipeline.inference_pipeline_pointmap:run:457 - Rescaling scale by 1 after downsampling
2026-06-10 16:43:26.516 | INFO     | sam3d_objects.pipeline.inference_pipeline:sample_slat:753 - Sampling sparse latent: inference_steps=25, strength=1, interval=[0, 500], rescale_t=1
2026-06-10 16:43:26.517 | INFO     | sam3d_objects.pipeline.inference_pipeline:get_condition_input:641 - Running condition embedder ...
2026-06-10 16:43:26.549 | INFO     | sam3d_objects.pipeline.inference_pipeline:get_condition_input:645 - Condition embedder finishes!
2026-06-10 16:43:33.063 | INFO     | sam3d_objects.pipeline.inference_pipeline:decode_slat:614 - Decoding sparse latent...
2026-06-10 16:43:33.689 | INFO     | sam3d_objects.pipeline.inference_pipeline:postprocess_slat_output:542 - Postprocessing mesh with option with_mesh_postprocess False, with_texture_baking False...
2026-06-10 16:43:33.690 | INFO     | sam3d_objects.pipeline.inference_pipeline_pointmap:run:579 - Finished!
[ 71] camera   gt_iso=0.152 pred=0.148 rel_gtpm=0.025  moge=0.689
2026-06-10 16:43:33.789 | INFO     | sam3d_objects.pipeline.inference_pipeline:sample_sparse_structure:672 - Sampling sparse structure: inference_steps=25, strength=7, interval=[0, 500], rescale_t=3, cfg_strength_pm=0.0
2026-06-10 16:43:33.789 | INFO     | sam3d_objects.pipeline.inference_pipeline:get_condition_input:641 - Running condition embedder ...
2026-06-10 16:43:33.845 | INFO     | sam3d_objects.pipeline.inference_pipeline:get_condition_input:645 - Condition embedder finishes!
2026-06-10 16:43:37.991 | INFO     | sam3d_objects.pipeline.inference_pipeline:sample_sparse_structure:722 - Downsampled coords from 7678 to 7678
2026-06-10 16:43:37.994 | INFO     | sam3d_objects.pipeline.inference_pipeline_pointmap:run:457 - Rescaling scale by 1 after downsampling
2026-06-10 16:43:37.994 | INFO     | sam3d_objects.pipeline.inference_pipeline:sample_slat:753 - Sampling sparse latent: inference_steps=25, strength=1, interval=[0, 500], rescale_t=1
2026-06-10 16:43:37.994 | INFO     | sam3d_objects.pipeline.inference_pipeline:get_condition_input:641 - Running condition embedder ...
2026-06-10 16:43:38.027 | INFO     | sam3d_objects.pipeline.inference_pipeline:get_condition_input:645 - Condition embedder finishes!
2026-06-10 16:43:40.735 | INFO     | sam3d_objects.pipeline.inference_pipeline:decode_slat:614 - Decoding sparse latent...
2026-06-10 16:43:40.860 | INFO     | sam3d_objects.pipeline.inference_pipeline:postprocess_slat_output:542 - Postprocessing mesh with option with_mesh_postprocess False, with_texture_baking False...
2026-06-10 16:43:40.860 | INFO     | sam3d_objects.pipeline.inference_pipeline_pointmap:run:579 - Finished!
2026-06-10 16:43:41.137 | INFO     | sam3d_objects.pipeline.inference_pipeline:sample_sparse_structure:672 - Sampling sparse structure: inference_steps=25, strength=7, interval=[0, 500], rescale_t=3, cfg_strength_pm=0.0
2026-06-10 16:43:41.137 | INFO     | sam3d_objects.pipeline.inference_pipeline:get_condition_input:641 - Running condition embedder ...
2026-06-10 16:43:41.193 | INFO     | sam3d_objects.pipeline.inference_pipeline:get_condition_input:645 - Condition embedder finishes!
2026-06-10 16:43:45.328 | INFO     | sam3d_objects.pipeline.inference_pipeline:sample_sparse_structure:722 - Downsampled coords from 7683 to 7683
2026-06-10 16:43:45.330 | INFO     | sam3d_objects.pipeline.inference_pipeline_pointmap:run:457 - Rescaling scale by 1 after downsampling
2026-06-10 16:43:45.331 | INFO     | sam3d_objects.pipeline.inference_pipeline:sample_slat:753 - Sampling sparse latent: inference_steps=25, strength=1, interval=[0, 500], rescale_t=1
2026-06-10 16:43:45.331 | INFO     | sam3d_objects.pipeline.inference_pipeline:get_condition_input:641 - Running condition embedder ...
2026-06-10 16:43:45.364 | INFO     | sam3d_objects.pipeline.inference_pipeline:get_condition_input:645 - Condition embedder finishes!
2026-06-10 16:43:48.071 | INFO     | sam3d_objects.pipeline.inference_pipeline:decode_slat:614 - Decoding sparse latent...
2026-06-10 16:43:48.197 | INFO     | sam3d_objects.pipeline.inference_pipeline:postprocess_slat_output:542 - Postprocessing mesh with option with_mesh_postprocess False, with_texture_baking False...
2026-06-10 16:43:48.197 | INFO     | sam3d_objects.pipeline.inference_pipeline_pointmap:run:579 - Finished!
[ 72] can      gt_iso=0.130 pred=0.137 rel_gtpm=0.052  moge=0.710
2026-06-10 16:43:48.454 | INFO     | sam3d_objects.pipeline.inference_pipeline:sample_sparse_structure:672 - Sampling sparse structure: inference_steps=25, strength=7, interval=[0, 500], rescale_t=3, cfg_strength_pm=0.0
2026-06-10 16:43:48.454 | INFO     | sam3d_objects.pipeline.inference_pipeline:get_condition_input:641 - Running condition embedder ...
2026-06-10 16:43:48.510 | INFO     | sam3d_objects.pipeline.inference_pipeline:get_condition_input:645 - Condition embedder finishes!
2026-06-10 16:43:52.642 | INFO     | sam3d_objects.pipeline.inference_pipeline:sample_sparse_structure:722 - Downsampled coords from 7644 to 7644
2026-06-10 16:43:52.645 | INFO     | sam3d_objects.pipeline.inference_pipeline_pointmap:run:457 - Rescaling scale by 1 after downsampling
2026-06-10 16:43:52.645 | INFO     | sam3d_objects.pipeline.inference_pipeline:sample_slat:753 - Sampling sparse latent: inference_steps=25, strength=1, interval=[0, 500], rescale_t=1
2026-06-10 16:43:52.645 | INFO     | sam3d_objects.pipeline.inference_pipeline:get_condition_input:641 - Running condition embedder ...
2026-06-10 16:43:52.678 | INFO     | sam3d_objects.pipeline.inference_pipeline:get_condition_input:645 - Condition embedder finishes!
2026-06-10 16:43:55.292 | INFO     | sam3d_objects.pipeline.inference_pipeline:decode_slat:614 - Decoding sparse latent...
2026-06-10 16:43:55.418 | INFO     | sam3d_objects.pipeline.inference_pipeline:postprocess_slat_output:542 - Postprocessing mesh with option with_mesh_postprocess False, with_texture_baking False...
2026-06-10 16:43:55.418 | INFO     | sam3d_objects.pipeline.inference_pipeline_pointmap:run:579 - Finished!
2026-06-10 16:43:55.545 | INFO     | sam3d_objects.pipeline.inference_pipeline:sample_sparse_structure:672 - Sampling sparse structure: inference_steps=25, strength=7, interval=[0, 500], rescale_t=3, cfg_strength_pm=0.0
2026-06-10 16:43:55.545 | INFO     | sam3d_objects.pipeline.inference_pipeline:get_condition_input:641 - Running condition embedder ...
2026-06-10 16:43:55.601 | INFO     | sam3d_objects.pipeline.inference_pipeline:get_condition_input:645 - Condition embedder finishes!
2026-06-10 16:43:59.747 | INFO     | sam3d_objects.pipeline.inference_pipeline:sample_sparse_structure:722 - Downsampled coords from 7668 to 7668
2026-06-10 16:43:59.750 | INFO     | sam3d_objects.pipeline.inference_pipeline_pointmap:run:457 - Rescaling scale by 1 after downsampling
2026-06-10 16:43:59.750 | INFO     | sam3d_objects.pipeline.inference_pipeline:sample_slat:753 - Sampling sparse latent: inference_steps=25, strength=1, interval=[0, 500], rescale_t=1
2026-06-10 16:43:59.750 | INFO     | sam3d_objects.pipeline.inference_pipeline:get_condition_input:641 - Running condition embedder ...
2026-06-10 16:43:59.783 | INFO     | sam3d_objects.pipeline.inference_pipeline:get_condition_input:645 - Condition embedder finishes!
2026-06-10 16:44:02.406 | INFO     | sam3d_objects.pipeline.inference_pipeline:decode_slat:614 - Decoding sparse latent...
2026-06-10 16:44:02.531 | INFO     | sam3d_objects.pipeline.inference_pipeline:postprocess_slat_output:542 - Postprocessing mesh with option with_mesh_postprocess False, with_texture_baking False...
2026-06-10 16:44:02.531 | INFO     | sam3d_objects.pipeline.inference_pipeline_pointmap:run:579 - Finished!
[ 73] can      gt_iso=0.130 pred=0.144 rel_gtpm=0.105  moge=0.792
2026-06-10 16:44:02.574 | INFO     | sam3d_objects.pipeline.inference_pipeline:sample_sparse_structure:672 - Sampling sparse structure: inference_steps=25, strength=7, interval=[0, 500], rescale_t=3, cfg_strength_pm=0.0
2026-06-10 16:44:02.575 | INFO     | sam3d_objects.pipeline.inference_pipeline:get_condition_input:641 - Running condition embedder ...
2026-06-10 16:44:02.631 | INFO     | sam3d_objects.pipeline.inference_pipeline:get_condition_input:645 - Condition embedder finishes!
2026-06-10 16:44:06.767 | INFO     | sam3d_objects.pipeline.inference_pipeline:sample_sparse_structure:722 - Downsampled coords from 35487 to 30148
2026-06-10 16:44:06.769 | INFO     | sam3d_objects.pipeline.inference_pipeline_pointmap:run:457 - Rescaling scale by 1 after downsampling
2026-06-10 16:44:06.770 | INFO     | sam3d_objects.pipeline.inference_pipeline:sample_slat:753 - Sampling sparse latent: inference_steps=25, strength=1, interval=[0, 500], rescale_t=1
2026-06-10 16:44:06.770 | INFO     | sam3d_objects.pipeline.inference_pipeline:get_condition_input:641 - Running condition embedder ...
2026-06-10 16:44:06.803 | INFO     | sam3d_objects.pipeline.inference_pipeline:get_condition_input:645 - Condition embedder finishes!
2026-06-10 16:44:16.170 | INFO     | sam3d_objects.pipeline.inference_pipeline:decode_slat:614 - Decoding sparse latent...
2026-06-10 16:44:17.112 | INFO     | sam3d_objects.pipeline.inference_pipeline:postprocess_slat_output:542 - Postprocessing mesh with option with_mesh_postprocess False, with_texture_baking False...
2026-06-10 16:44:17.112 | INFO     | sam3d_objects.pipeline.inference_pipeline_pointmap:run:579 - Finished!
2026-06-10 16:44:17.253 | INFO     | sam3d_objects.pipeline.inference_pipeline:sample_sparse_structure:672 - Sampling sparse structure: inference_steps=25, strength=7, interval=[0, 500], rescale_t=3, cfg_strength_pm=0.0
2026-06-10 16:44:17.253 | INFO     | sam3d_objects.pipeline.inference_pipeline:get_condition_input:641 - Running condition embedder ...
2026-06-10 16:44:17.309 | INFO     | sam3d_objects.pipeline.inference_pipeline:get_condition_input:645 - Condition embedder finishes!
2026-06-10 16:44:21.457 | INFO     | sam3d_objects.pipeline.inference_pipeline:sample_sparse_structure:722 - Downsampled coords from 35407 to 30399
2026-06-10 16:44:21.460 | INFO     | sam3d_objects.pipeline.inference_pipeline_pointmap:run:457 - Rescaling scale by 1 after downsampling
2026-06-10 16:44:21.460 | INFO     | sam3d_objects.pipeline.inference_pipeline:sample_slat:753 - Sampling sparse latent: inference_steps=25, strength=1, interval=[0, 500], rescale_t=1
2026-06-10 16:44:21.461 | INFO     | sam3d_objects.pipeline.inference_pipeline:get_condition_input:641 - Running condition embedder ...
2026-06-10 16:44:21.494 | INFO     | sam3d_objects.pipeline.inference_pipeline:get_condition_input:645 - Condition embedder finishes!
2026-06-10 16:44:30.582 | INFO     | sam3d_objects.pipeline.inference_pipeline:decode_slat:614 - Decoding sparse latent...
2026-06-10 16:44:31.528 | INFO     | sam3d_objects.pipeline.inference_pipeline:postprocess_slat_output:542 - Postprocessing mesh with option with_mesh_postprocess False, with_texture_baking False...
2026-06-10 16:44:31.528 | INFO     | sam3d_objects.pipeline.inference_pipeline_pointmap:run:579 - Finished!
[ 74] camera   gt_iso=0.113 pred=0.126 rel_gtpm=0.116  moge=0.576
2026-06-10 16:44:31.580 | INFO     | sam3d_objects.pipeline.inference_pipeline:sample_sparse_structure:672 - Sampling sparse structure: inference_steps=25, strength=7, interval=[0, 500], rescale_t=3, cfg_strength_pm=0.0
2026-06-10 16:44:31.580 | INFO     | sam3d_objects.pipeline.inference_pipeline:get_condition_input:641 - Running condition embedder ...
2026-06-10 16:44:31.637 | INFO     | sam3d_objects.pipeline.inference_pipeline:get_condition_input:645 - Condition embedder finishes!
2026-06-10 16:44:35.784 | INFO     | sam3d_objects.pipeline.inference_pipeline:sample_sparse_structure:722 - Downsampled coords from 16048 to 16048
2026-06-10 16:44:35.787 | INFO     | sam3d_objects.pipeline.inference_pipeline_pointmap:run:457 - Rescaling scale by 1 after downsampling
2026-06-10 16:44:35.787 | INFO     | sam3d_objects.pipeline.inference_pipeline:sample_slat:753 - Sampling sparse latent: inference_steps=25, strength=1, interval=[0, 500], rescale_t=1
2026-06-10 16:44:35.787 | INFO     | sam3d_objects.pipeline.inference_pipeline:get_condition_input:641 - Running condition embedder ...
2026-06-10 16:44:35.820 | INFO     | sam3d_objects.pipeline.inference_pipeline:get_condition_input:645 - Condition embedder finishes!
2026-06-10 16:44:39.586 | INFO     | sam3d_objects.pipeline.inference_pipeline:decode_slat:614 - Decoding sparse latent...
2026-06-10 16:44:39.901 | INFO     | sam3d_objects.pipeline.inference_pipeline:postprocess_slat_output:542 - Postprocessing mesh with option with_mesh_postprocess False, with_texture_baking False...
2026-06-10 16:44:39.901 | INFO     | sam3d_objects.pipeline.inference_pipeline_pointmap:run:579 - Finished!
2026-06-10 16:44:40.029 | INFO     | sam3d_objects.pipeline.inference_pipeline:sample_sparse_structure:672 - Sampling sparse structure: inference_steps=25, strength=7, interval=[0, 500], rescale_t=3, cfg_strength_pm=0.0
2026-06-10 16:44:40.029 | INFO     | sam3d_objects.pipeline.inference_pipeline:get_condition_input:641 - Running condition embedder ...
2026-06-10 16:44:40.085 | INFO     | sam3d_objects.pipeline.inference_pipeline:get_condition_input:645 - Condition embedder finishes!
2026-06-10 16:44:44.232 | INFO     | sam3d_objects.pipeline.inference_pipeline:sample_sparse_structure:722 - Downsampled coords from 16046 to 16046
2026-06-10 16:44:44.234 | INFO     | sam3d_objects.pipeline.inference_pipeline_pointmap:run:457 - Rescaling scale by 1 after downsampling
2026-06-10 16:44:44.235 | INFO     | sam3d_objects.pipeline.inference_pipeline:sample_slat:753 - Sampling sparse latent: inference_steps=25, strength=1, interval=[0, 500], rescale_t=1
2026-06-10 16:44:44.235 | INFO     | sam3d_objects.pipeline.inference_pipeline:get_condition_input:641 - Running condition embedder ...
2026-06-10 16:44:44.267 | INFO     | sam3d_objects.pipeline.inference_pipeline:get_condition_input:645 - Condition embedder finishes!
2026-06-10 16:44:47.976 | INFO     | sam3d_objects.pipeline.inference_pipeline:decode_slat:614 - Decoding sparse latent...
2026-06-10 16:44:48.306 | INFO     | sam3d_objects.pipeline.inference_pipeline:postprocess_slat_output:542 - Postprocessing mesh with option with_mesh_postprocess False, with_texture_baking False...
2026-06-10 16:44:48.306 | INFO     | sam3d_objects.pipeline.inference_pipeline_pointmap:run:579 - Finished!
[ 75] bowl     gt_iso=0.143 pred=0.160 rel_gtpm=0.123  moge=0.560
2026-06-10 16:44:48.450 | INFO     | sam3d_objects.pipeline.inference_pipeline:sample_sparse_structure:672 - Sampling sparse structure: inference_steps=25, strength=7, interval=[0, 500], rescale_t=3, cfg_strength_pm=0.0
2026-06-10 16:44:48.450 | INFO     | sam3d_objects.pipeline.inference_pipeline:get_condition_input:641 - Running condition embedder ...
2026-06-10 16:44:48.506 | INFO     | sam3d_objects.pipeline.inference_pipeline:get_condition_input:645 - Condition embedder finishes!
2026-06-10 16:44:52.640 | INFO     | sam3d_objects.pipeline.inference_pipeline:sample_sparse_structure:722 - Downsampled coords from 24901 to 22236
2026-06-10 16:44:52.643 | INFO     | sam3d_objects.pipeline.inference_pipeline_pointmap:run:457 - Rescaling scale by 1 after downsampling
2026-06-10 16:44:52.643 | INFO     | sam3d_objects.pipeline.inference_pipeline:sample_slat:753 - Sampling sparse latent: inference_steps=25, strength=1, interval=[0, 500], rescale_t=1
2026-06-10 16:44:52.643 | INFO     | sam3d_objects.pipeline.inference_pipeline:get_condition_input:641 - Running condition embedder ...
2026-06-10 16:44:52.676 | INFO     | sam3d_objects.pipeline.inference_pipeline:get_condition_input:645 - Condition embedder finishes!
2026-06-10 16:44:58.700 | INFO     | sam3d_objects.pipeline.inference_pipeline:decode_slat:614 - Decoding sparse latent...
2026-06-10 16:44:59.259 | INFO     | sam3d_objects.pipeline.inference_pipeline:postprocess_slat_output:542 - Postprocessing mesh with option with_mesh_postprocess False, with_texture_baking False...
2026-06-10 16:44:59.259 | INFO     | sam3d_objects.pipeline.inference_pipeline_pointmap:run:579 - Finished!
2026-06-10 16:44:59.406 | INFO     | sam3d_objects.pipeline.inference_pipeline:sample_sparse_structure:672 - Sampling sparse structure: inference_steps=25, strength=7, interval=[0, 500], rescale_t=3, cfg_strength_pm=0.0
2026-06-10 16:44:59.406 | INFO     | sam3d_objects.pipeline.inference_pipeline:get_condition_input:641 - Running condition embedder ...
2026-06-10 16:44:59.462 | INFO     | sam3d_objects.pipeline.inference_pipeline:get_condition_input:645 - Condition embedder finishes!
2026-06-10 16:45:03.607 | INFO     | sam3d_objects.pipeline.inference_pipeline:sample_sparse_structure:722 - Downsampled coords from 24931 to 22394
2026-06-10 16:45:03.610 | INFO     | sam3d_objects.pipeline.inference_pipeline_pointmap:run:457 - Rescaling scale by 1 after downsampling
2026-06-10 16:45:03.610 | INFO     | sam3d_objects.pipeline.inference_pipeline:sample_slat:753 - Sampling sparse latent: inference_steps=25, strength=1, interval=[0, 500], rescale_t=1
2026-06-10 16:45:03.610 | INFO     | sam3d_objects.pipeline.inference_pipeline:get_condition_input:641 - Running condition embedder ...
2026-06-10 16:45:03.643 | INFO     | sam3d_objects.pipeline.inference_pipeline:get_condition_input:645 - Condition embedder finishes!
2026-06-10 16:45:09.495 | INFO     | sam3d_objects.pipeline.inference_pipeline:decode_slat:614 - Decoding sparse latent...
2026-06-10 16:45:10.058 | INFO     | sam3d_objects.pipeline.inference_pipeline:postprocess_slat_output:542 - Postprocessing mesh with option with_mesh_postprocess False, with_texture_baking False...
2026-06-10 16:45:10.058 | INFO     | sam3d_objects.pipeline.inference_pipeline_pointmap:run:579 - Finished!
[ 76] cup      gt_iso=0.114 pred=0.126 rel_gtpm=0.106  moge=0.679
2026-06-10 16:45:10.112 | INFO     | sam3d_objects.pipeline.inference_pipeline:sample_sparse_structure:672 - Sampling sparse structure: inference_steps=25, strength=7, interval=[0, 500], rescale_t=3, cfg_strength_pm=0.0
2026-06-10 16:45:10.112 | INFO     | sam3d_objects.pipeline.inference_pipeline:get_condition_input:641 - Running condition embedder ...
2026-06-10 16:45:10.168 | INFO     | sam3d_objects.pipeline.inference_pipeline:get_condition_input:645 - Condition embedder finishes!
2026-06-10 16:45:14.303 | INFO     | sam3d_objects.pipeline.inference_pipeline:sample_sparse_structure:722 - Downsampled coords from 26699 to 25463
2026-06-10 16:45:14.306 | INFO     | sam3d_objects.pipeline.inference_pipeline_pointmap:run:457 - Rescaling scale by 1 after downsampling
2026-06-10 16:45:14.306 | INFO     | sam3d_objects.pipeline.inference_pipeline:sample_slat:753 - Sampling sparse latent: inference_steps=25, strength=1, interval=[0, 500], rescale_t=1
2026-06-10 16:45:14.307 | INFO     | sam3d_objects.pipeline.inference_pipeline:get_condition_input:641 - Running condition embedder ...
2026-06-10 16:45:14.340 | INFO     | sam3d_objects.pipeline.inference_pipeline:get_condition_input:645 - Condition embedder finishes!
2026-06-10 16:45:21.034 | INFO     | sam3d_objects.pipeline.inference_pipeline:decode_slat:614 - Decoding sparse latent...
2026-06-10 16:45:21.738 | INFO     | sam3d_objects.pipeline.inference_pipeline:postprocess_slat_output:542 - Postprocessing mesh with option with_mesh_postprocess False, with_texture_baking False...
2026-06-10 16:45:21.738 | INFO     | sam3d_objects.pipeline.inference_pipeline_pointmap:run:579 - Finished!
2026-06-10 16:45:21.875 | INFO     | sam3d_objects.pipeline.inference_pipeline:sample_sparse_structure:672 - Sampling sparse structure: inference_steps=25, strength=7, interval=[0, 500], rescale_t=3, cfg_strength_pm=0.0
2026-06-10 16:45:21.875 | INFO     | sam3d_objects.pipeline.inference_pipeline:get_condition_input:641 - Running condition embedder ...
2026-06-10 16:45:21.931 | INFO     | sam3d_objects.pipeline.inference_pipeline:get_condition_input:645 - Condition embedder finishes!
2026-06-10 16:45:26.065 | INFO     | sam3d_objects.pipeline.inference_pipeline:sample_sparse_structure:722 - Downsampled coords from 24124 to 23407
2026-06-10 16:45:26.068 | INFO     | sam3d_objects.pipeline.inference_pipeline_pointmap:run:457 - Rescaling scale by 1 after downsampling
2026-06-10 16:45:26.068 | INFO     | sam3d_objects.pipeline.inference_pipeline:sample_slat:753 - Sampling sparse latent: inference_steps=25, strength=1, interval=[0, 500], rescale_t=1
2026-06-10 16:45:26.068 | INFO     | sam3d_objects.pipeline.inference_pipeline:get_condition_input:641 - Running condition embedder ...
2026-06-10 16:45:26.102 | INFO     | sam3d_objects.pipeline.inference_pipeline:get_condition_input:645 - Condition embedder finishes!
2026-06-10 16:45:32.658 | INFO     | sam3d_objects.pipeline.inference_pipeline:decode_slat:614 - Decoding sparse latent...
2026-06-10 16:45:33.272 | INFO     | sam3d_objects.pipeline.inference_pipeline:postprocess_slat_output:542 - Postprocessing mesh with option with_mesh_postprocess False, with_texture_baking False...
2026-06-10 16:45:33.272 | INFO     | sam3d_objects.pipeline.inference_pipeline_pointmap:run:579 - Finished!
[ 77] camera   gt_iso=0.152 pred=0.150 rel_gtpm=0.015  moge=0.691
2026-06-10 16:45:33.558 | INFO     | sam3d_objects.pipeline.inference_pipeline:sample_sparse_structure:672 - Sampling sparse structure: inference_steps=25, strength=7, interval=[0, 500], rescale_t=3, cfg_strength_pm=0.0
2026-06-10 16:45:33.558 | INFO     | sam3d_objects.pipeline.inference_pipeline:get_condition_input:641 - Running condition embedder ...
2026-06-10 16:45:33.614 | INFO     | sam3d_objects.pipeline.inference_pipeline:get_condition_input:645 - Condition embedder finishes!
2026-06-10 16:45:37.752 | INFO     | sam3d_objects.pipeline.inference_pipeline:sample_sparse_structure:722 - Downsampled coords from 15551 to 14408
2026-06-10 16:45:37.754 | INFO     | sam3d_objects.pipeline.inference_pipeline_pointmap:run:457 - Rescaling scale by 1 after downsampling
2026-06-10 16:45:37.754 | INFO     | sam3d_objects.pipeline.inference_pipeline:sample_slat:753 - Sampling sparse latent: inference_steps=25, strength=1, interval=[0, 500], rescale_t=1
2026-06-10 16:45:37.755 | INFO     | sam3d_objects.pipeline.inference_pipeline:get_condition_input:641 - Running condition embedder ...
2026-06-10 16:45:37.787 | INFO     | sam3d_objects.pipeline.inference_pipeline:get_condition_input:645 - Condition embedder finishes!
2026-06-10 16:45:41.715 | INFO     | sam3d_objects.pipeline.inference_pipeline:decode_slat:614 - Decoding sparse latent...
2026-06-10 16:45:41.989 | INFO     | sam3d_objects.pipeline.inference_pipeline:postprocess_slat_output:542 - Postprocessing mesh with option with_mesh_postprocess False, with_texture_baking False...
2026-06-10 16:45:41.989 | INFO     | sam3d_objects.pipeline.inference_pipeline_pointmap:run:579 - Finished!
2026-06-10 16:45:42.239 | INFO     | sam3d_objects.pipeline.inference_pipeline:sample_sparse_structure:672 - Sampling sparse structure: inference_steps=25, strength=7, interval=[0, 500], rescale_t=3, cfg_strength_pm=0.0
2026-06-10 16:45:42.239 | INFO     | sam3d_objects.pipeline.inference_pipeline:get_condition_input:641 - Running condition embedder ...
2026-06-10 16:45:42.295 | INFO     | sam3d_objects.pipeline.inference_pipeline:get_condition_input:645 - Condition embedder finishes!
2026-06-10 16:45:46.433 | INFO     | sam3d_objects.pipeline.inference_pipeline:sample_sparse_structure:722 - Downsampled coords from 15497 to 14388
2026-06-10 16:45:46.436 | INFO     | sam3d_objects.pipeline.inference_pipeline_pointmap:run:457 - Rescaling scale by 1 after downsampling
2026-06-10 16:45:46.436 | INFO     | sam3d_objects.pipeline.inference_pipeline:sample_slat:753 - Sampling sparse latent: inference_steps=25, strength=1, interval=[0, 500], rescale_t=1
2026-06-10 16:45:46.436 | INFO     | sam3d_objects.pipeline.inference_pipeline:get_condition_input:641 - Running condition embedder ...
2026-06-10 16:45:46.469 | INFO     | sam3d_objects.pipeline.inference_pipeline:get_condition_input:645 - Condition embedder finishes!
2026-06-10 16:45:50.382 | INFO     | sam3d_objects.pipeline.inference_pipeline:decode_slat:614 - Decoding sparse latent...
2026-06-10 16:45:50.670 | INFO     | sam3d_objects.pipeline.inference_pipeline:postprocess_slat_output:542 - Postprocessing mesh with option with_mesh_postprocess False, with_texture_baking False...
2026-06-10 16:45:50.670 | INFO     | sam3d_objects.pipeline.inference_pipeline_pointmap:run:579 - Finished!
[ 78] camera   gt_iso=0.180 pred=0.198 rel_gtpm=0.097  moge=1.320
2026-06-10 16:45:50.718 | INFO     | sam3d_objects.pipeline.inference_pipeline:sample_sparse_structure:672 - Sampling sparse structure: inference_steps=25, strength=7, interval=[0, 500], rescale_t=3, cfg_strength_pm=0.0
2026-06-10 16:45:50.718 | INFO     | sam3d_objects.pipeline.inference_pipeline:get_condition_input:641 - Running condition embedder ...
2026-06-10 16:45:50.775 | INFO     | sam3d_objects.pipeline.inference_pipeline:get_condition_input:645 - Condition embedder finishes!
2026-06-10 16:45:54.912 | INFO     | sam3d_objects.pipeline.inference_pipeline:sample_sparse_structure:722 - Downsampled coords from 13586 to 13531
2026-06-10 16:45:54.915 | INFO     | sam3d_objects.pipeline.inference_pipeline_pointmap:run:457 - Rescaling scale by 1 after downsampling
2026-06-10 16:45:54.915 | INFO     | sam3d_objects.pipeline.inference_pipeline:sample_slat:753 - Sampling sparse latent: inference_steps=25, strength=1, interval=[0, 500], rescale_t=1
2026-06-10 16:45:54.915 | INFO     | sam3d_objects.pipeline.inference_pipeline:get_condition_input:641 - Running condition embedder ...
2026-06-10 16:45:54.948 | INFO     | sam3d_objects.pipeline.inference_pipeline:get_condition_input:645 - Condition embedder finishes!
2026-06-10 16:45:58.594 | INFO     | sam3d_objects.pipeline.inference_pipeline:decode_slat:614 - Decoding sparse latent...
2026-06-10 16:45:58.852 | INFO     | sam3d_objects.pipeline.inference_pipeline:postprocess_slat_output:542 - Postprocessing mesh with option with_mesh_postprocess False, with_texture_baking False...
2026-06-10 16:45:58.852 | INFO     | sam3d_objects.pipeline.inference_pipeline_pointmap:run:579 - Finished!
2026-06-10 16:45:58.980 | INFO     | sam3d_objects.pipeline.inference_pipeline:sample_sparse_structure:672 - Sampling sparse structure: inference_steps=25, strength=7, interval=[0, 500], rescale_t=3, cfg_strength_pm=0.0
2026-06-10 16:45:58.981 | INFO     | sam3d_objects.pipeline.inference_pipeline:get_condition_input:641 - Running condition embedder ...
2026-06-10 16:45:59.037 | INFO     | sam3d_objects.pipeline.inference_pipeline:get_condition_input:645 - Condition embedder finishes!
2026-06-10 16:46:03.175 | INFO     | sam3d_objects.pipeline.inference_pipeline:sample_sparse_structure:722 - Downsampled coords from 14200 to 14119
2026-06-10 16:46:03.178 | INFO     | sam3d_objects.pipeline.inference_pipeline_pointmap:run:457 - Rescaling scale by 1 after downsampling
2026-06-10 16:46:03.178 | INFO     | sam3d_objects.pipeline.inference_pipeline:sample_slat:753 - Sampling sparse latent: inference_steps=25, strength=1, interval=[0, 500], rescale_t=1
2026-06-10 16:46:03.178 | INFO     | sam3d_objects.pipeline.inference_pipeline:get_condition_input:641 - Running condition embedder ...
2026-06-10 16:46:03.211 | INFO     | sam3d_objects.pipeline.inference_pipeline:get_condition_input:645 - Condition embedder finishes!
2026-06-10 16:46:06.938 | INFO     | sam3d_objects.pipeline.inference_pipeline:decode_slat:614 - Decoding sparse latent...
2026-06-10 16:46:07.216 | INFO     | sam3d_objects.pipeline.inference_pipeline:postprocess_slat_output:542 - Postprocessing mesh with option with_mesh_postprocess False, with_texture_baking False...
2026-06-10 16:46:07.216 | INFO     | sam3d_objects.pipeline.inference_pipeline_pointmap:run:579 - Finished!
[ 79] laptop   gt_iso=0.418 pred=0.369 rel_gtpm=0.115  moge=0.319
2026-06-10 16:46:07.262 | INFO     | sam3d_objects.pipeline.inference_pipeline:sample_sparse_structure:672 - Sampling sparse structure: inference_steps=25, strength=7, interval=[0, 500], rescale_t=3, cfg_strength_pm=0.0
2026-06-10 16:46:07.262 | INFO     | sam3d_objects.pipeline.inference_pipeline:get_condition_input:641 - Running condition embedder ...
2026-06-10 16:46:07.319 | INFO     | sam3d_objects.pipeline.inference_pipeline:get_condition_input:645 - Condition embedder finishes!
2026-06-10 16:46:11.466 | INFO     | sam3d_objects.pipeline.inference_pipeline:sample_sparse_structure:722 - Downsampled coords from 24977 to 23778
2026-06-10 16:46:11.469 | INFO     | sam3d_objects.pipeline.inference_pipeline_pointmap:run:457 - Rescaling scale by 1 after downsampling
2026-06-10 16:46:11.469 | INFO     | sam3d_objects.pipeline.inference_pipeline:sample_slat:753 - Sampling sparse latent: inference_steps=25, strength=1, interval=[0, 500], rescale_t=1
2026-06-10 16:46:11.469 | INFO     | sam3d_objects.pipeline.inference_pipeline:get_condition_input:641 - Running condition embedder ...
2026-06-10 16:46:11.502 | INFO     | sam3d_objects.pipeline.inference_pipeline:get_condition_input:645 - Condition embedder finishes!
2026-06-10 16:46:18.046 | INFO     | sam3d_objects.pipeline.inference_pipeline:decode_slat:614 - Decoding sparse latent...
2026-06-10 16:46:18.672 | INFO     | sam3d_objects.pipeline.inference_pipeline:postprocess_slat_output:542 - Postprocessing mesh with option with_mesh_postprocess False, with_texture_baking False...
2026-06-10 16:46:18.672 | INFO     | sam3d_objects.pipeline.inference_pipeline_pointmap:run:579 - Finished!
2026-06-10 16:46:18.809 | INFO     | sam3d_objects.pipeline.inference_pipeline:sample_sparse_structure:672 - Sampling sparse structure: inference_steps=25, strength=7, interval=[0, 500], rescale_t=3, cfg_strength_pm=0.0
2026-06-10 16:46:18.810 | INFO     | sam3d_objects.pipeline.inference_pipeline:get_condition_input:641 - Running condition embedder ...
2026-06-10 16:46:18.866 | INFO     | sam3d_objects.pipeline.inference_pipeline:get_condition_input:645 - Condition embedder finishes!
2026-06-10 16:46:23.014 | INFO     | sam3d_objects.pipeline.inference_pipeline:sample_sparse_structure:722 - Downsampled coords from 21081 to 19874
2026-06-10 16:46:23.017 | INFO     | sam3d_objects.pipeline.inference_pipeline_pointmap:run:457 - Rescaling scale by 1 after downsampling
2026-06-10 16:46:23.017 | INFO     | sam3d_objects.pipeline.inference_pipeline:sample_slat:753 - Sampling sparse latent: inference_steps=25, strength=1, interval=[0, 500], rescale_t=1
2026-06-10 16:46:23.017 | INFO     | sam3d_objects.pipeline.inference_pipeline:get_condition_input:641 - Running condition embedder ...
2026-06-10 16:46:23.050 | INFO     | sam3d_objects.pipeline.inference_pipeline:get_condition_input:645 - Condition embedder finishes!
2026-06-10 16:46:28.901 | INFO     | sam3d_objects.pipeline.inference_pipeline:decode_slat:614 - Decoding sparse latent...
2026-06-10 16:46:29.367 | INFO     | sam3d_objects.pipeline.inference_pipeline:postprocess_slat_output:542 - Postprocessing mesh with option with_mesh_postprocess False, with_texture_baking False...
2026-06-10 16:46:29.367 | INFO     | sam3d_objects.pipeline.inference_pipeline_pointmap:run:579 - Finished!
[ 80] camera   gt_iso=0.152 pred=0.144 rel_gtpm=0.053  moge=0.397
2026-06-10 16:46:29.417 | INFO     | sam3d_objects.pipeline.inference_pipeline:sample_sparse_structure:672 - Sampling sparse structure: inference_steps=25, strength=7, interval=[0, 500], rescale_t=3, cfg_strength_pm=0.0
2026-06-10 16:46:29.417 | INFO     | sam3d_objects.pipeline.inference_pipeline:get_condition_input:641 - Running condition embedder ...
2026-06-10 16:46:29.474 | INFO     | sam3d_objects.pipeline.inference_pipeline:get_condition_input:645 - Condition embedder finishes!
2026-06-10 16:46:33.620 | INFO     | sam3d_objects.pipeline.inference_pipeline:sample_sparse_structure:722 - Downsampled coords from 17559 to 17547
2026-06-10 16:46:33.623 | INFO     | sam3d_objects.pipeline.inference_pipeline_pointmap:run:457 - Rescaling scale by 1 after downsampling
2026-06-10 16:46:33.623 | INFO     | sam3d_objects.pipeline.inference_pipeline:sample_slat:753 - Sampling sparse latent: inference_steps=25, strength=1, interval=[0, 500], rescale_t=1
2026-06-10 16:46:33.623 | INFO     | sam3d_objects.pipeline.inference_pipeline:get_condition_input:641 - Running condition embedder ...
2026-06-10 16:46:33.657 | INFO     | sam3d_objects.pipeline.inference_pipeline:get_condition_input:645 - Condition embedder finishes!
2026-06-10 16:46:38.609 | INFO     | sam3d_objects.pipeline.inference_pipeline:decode_slat:614 - Decoding sparse latent...
2026-06-10 16:46:38.994 | INFO     | sam3d_objects.pipeline.inference_pipeline:postprocess_slat_output:542 - Postprocessing mesh with option with_mesh_postprocess False, with_texture_baking False...
2026-06-10 16:46:38.994 | INFO     | sam3d_objects.pipeline.inference_pipeline_pointmap:run:579 - Finished!
2026-06-10 16:46:39.126 | INFO     | sam3d_objects.pipeline.inference_pipeline:sample_sparse_structure:672 - Sampling sparse structure: inference_steps=25, strength=7, interval=[0, 500], rescale_t=3, cfg_strength_pm=0.0
2026-06-10 16:46:39.127 | INFO     | sam3d_objects.pipeline.inference_pipeline:get_condition_input:641 - Running condition embedder ...
2026-06-10 16:46:39.183 | INFO     | sam3d_objects.pipeline.inference_pipeline:get_condition_input:645 - Condition embedder finishes!
2026-06-10 16:46:43.328 | INFO     | sam3d_objects.pipeline.inference_pipeline:sample_sparse_structure:722 - Downsampled coords from 18225 to 18209
2026-06-10 16:46:43.331 | INFO     | sam3d_objects.pipeline.inference_pipeline_pointmap:run:457 - Rescaling scale by 1 after downsampling
2026-06-10 16:46:43.331 | INFO     | sam3d_objects.pipeline.inference_pipeline:sample_slat:753 - Sampling sparse latent: inference_steps=25, strength=1, interval=[0, 500], rescale_t=1
2026-06-10 16:46:43.331 | INFO     | sam3d_objects.pipeline.inference_pipeline:get_condition_input:641 - Running condition embedder ...
2026-06-10 16:46:43.364 | INFO     | sam3d_objects.pipeline.inference_pipeline:get_condition_input:645 - Condition embedder finishes!
2026-06-10 16:46:48.436 | INFO     | sam3d_objects.pipeline.inference_pipeline:decode_slat:614 - Decoding sparse latent...
2026-06-10 16:46:48.839 | INFO     | sam3d_objects.pipeline.inference_pipeline:postprocess_slat_output:542 - Postprocessing mesh with option with_mesh_postprocess False, with_texture_baking False...
2026-06-10 16:46:48.839 | INFO     | sam3d_objects.pipeline.inference_pipeline_pointmap:run:579 - Finished!
[ 81] can      gt_iso=0.156 pred=0.115 rel_gtpm=0.260  moge=0.498
2026-06-10 16:46:48.895 | INFO     | sam3d_objects.pipeline.inference_pipeline:sample_sparse_structure:672 - Sampling sparse structure: inference_steps=25, strength=7, interval=[0, 500], rescale_t=3, cfg_strength_pm=0.0
2026-06-10 16:46:48.895 | INFO     | sam3d_objects.pipeline.inference_pipeline:get_condition_input:641 - Running condition embedder ...
2026-06-10 16:46:48.952 | INFO     | sam3d_objects.pipeline.inference_pipeline:get_condition_input:645 - Condition embedder finishes!
2026-06-10 16:46:53.099 | INFO     | sam3d_objects.pipeline.inference_pipeline:sample_sparse_structure:722 - Downsampled coords from 26449 to 26391
2026-06-10 16:46:53.101 | INFO     | sam3d_objects.pipeline.inference_pipeline_pointmap:run:457 - Rescaling scale by 1 after downsampling
2026-06-10 16:46:53.101 | INFO     | sam3d_objects.pipeline.inference_pipeline:sample_slat:753 - Sampling sparse latent: inference_steps=25, strength=1, interval=[0, 500], rescale_t=1
2026-06-10 16:46:53.102 | INFO     | sam3d_objects.pipeline.inference_pipeline:get_condition_input:641 - Running condition embedder ...
2026-06-10 16:46:53.134 | INFO     | sam3d_objects.pipeline.inference_pipeline:get_condition_input:645 - Condition embedder finishes!
2026-06-10 16:47:00.381 | INFO     | sam3d_objects.pipeline.inference_pipeline:decode_slat:614 - Decoding sparse latent...
2026-06-10 16:47:01.125 | INFO     | sam3d_objects.pipeline.inference_pipeline:postprocess_slat_output:542 - Postprocessing mesh with option with_mesh_postprocess False, with_texture_baking False...
2026-06-10 16:47:01.125 | INFO     | sam3d_objects.pipeline.inference_pipeline_pointmap:run:579 - Finished!
2026-06-10 16:47:01.265 | INFO     | sam3d_objects.pipeline.inference_pipeline:sample_sparse_structure:672 - Sampling sparse structure: inference_steps=25, strength=7, interval=[0, 500], rescale_t=3, cfg_strength_pm=0.0
2026-06-10 16:47:01.265 | INFO     | sam3d_objects.pipeline.inference_pipeline:get_condition_input:641 - Running condition embedder ...
2026-06-10 16:47:01.321 | INFO     | sam3d_objects.pipeline.inference_pipeline:get_condition_input:645 - Condition embedder finishes!
2026-06-10 16:47:05.468 | INFO     | sam3d_objects.pipeline.inference_pipeline:sample_sparse_structure:722 - Downsampled coords from 26490 to 26436
2026-06-10 16:47:05.471 | INFO     | sam3d_objects.pipeline.inference_pipeline_pointmap:run:457 - Rescaling scale by 1 after downsampling
2026-06-10 16:47:05.471 | INFO     | sam3d_objects.pipeline.inference_pipeline:sample_slat:753 - Sampling sparse latent: inference_steps=25, strength=1, interval=[0, 500], rescale_t=1
2026-06-10 16:47:05.471 | INFO     | sam3d_objects.pipeline.inference_pipeline:get_condition_input:641 - Running condition embedder ...
2026-06-10 16:47:05.504 | INFO     | sam3d_objects.pipeline.inference_pipeline:get_condition_input:645 - Condition embedder finishes!
2026-06-10 16:47:12.876 | INFO     | sam3d_objects.pipeline.inference_pipeline:decode_slat:614 - Decoding sparse latent...
2026-06-10 16:47:13.623 | INFO     | sam3d_objects.pipeline.inference_pipeline:postprocess_slat_output:542 - Postprocessing mesh with option with_mesh_postprocess False, with_texture_baking False...
2026-06-10 16:47:13.623 | INFO     | sam3d_objects.pipeline.inference_pipeline_pointmap:run:579 - Finished!
[ 82] cup      gt_iso=0.114 pred=0.119 rel_gtpm=0.052  moge=0.625
2026-06-10 16:47:13.675 | INFO     | sam3d_objects.pipeline.inference_pipeline:sample_sparse_structure:672 - Sampling sparse structure: inference_steps=25, strength=7, interval=[0, 500], rescale_t=3, cfg_strength_pm=0.0
2026-06-10 16:47:13.675 | INFO     | sam3d_objects.pipeline.inference_pipeline:get_condition_input:641 - Running condition embedder ...
2026-06-10 16:47:13.731 | INFO     | sam3d_objects.pipeline.inference_pipeline:get_condition_input:645 - Condition embedder finishes!
2026-06-10 16:47:17.874 | INFO     | sam3d_objects.pipeline.inference_pipeline:sample_sparse_structure:722 - Downsampled coords from 15185 to 15184
2026-06-10 16:47:17.877 | INFO     | sam3d_objects.pipeline.inference_pipeline_pointmap:run:457 - Rescaling scale by 1 after downsampling
2026-06-10 16:47:17.877 | INFO     | sam3d_objects.pipeline.inference_pipeline:sample_slat:753 - Sampling sparse latent: inference_steps=25, strength=1, interval=[0, 500], rescale_t=1
2026-06-10 16:47:17.877 | INFO     | sam3d_objects.pipeline.inference_pipeline:get_condition_input:641 - Running condition embedder ...
2026-06-10 16:47:17.910 | INFO     | sam3d_objects.pipeline.inference_pipeline:get_condition_input:645 - Condition embedder finishes!
2026-06-10 16:47:21.706 | INFO     | sam3d_objects.pipeline.inference_pipeline:decode_slat:614 - Decoding sparse latent...
2026-06-10 16:47:21.998 | INFO     | sam3d_objects.pipeline.inference_pipeline:postprocess_slat_output:542 - Postprocessing mesh with option with_mesh_postprocess False, with_texture_baking False...
2026-06-10 16:47:21.999 | INFO     | sam3d_objects.pipeline.inference_pipeline_pointmap:run:579 - Finished!
2026-06-10 16:47:22.124 | INFO     | sam3d_objects.pipeline.inference_pipeline:sample_sparse_structure:672 - Sampling sparse structure: inference_steps=25, strength=7, interval=[0, 500], rescale_t=3, cfg_strength_pm=0.0
2026-06-10 16:47:22.258 | INFO     | sam3d_objects.pipeline.inference_pipeline:get_condition_input:641 - Running condition embedder ...
2026-06-10 16:47:22.313 | INFO     | sam3d_objects.pipeline.inference_pipeline:get_condition_input:645 - Condition embedder finishes!
2026-06-10 16:47:26.464 | INFO     | sam3d_objects.pipeline.inference_pipeline:sample_sparse_structure:722 - Downsampled coords from 14394 to 14394
2026-06-10 16:47:26.467 | INFO     | sam3d_objects.pipeline.inference_pipeline_pointmap:run:457 - Rescaling scale by 1 after downsampling
2026-06-10 16:47:26.467 | INFO     | sam3d_objects.pipeline.inference_pipeline:sample_slat:753 - Sampling sparse latent: inference_steps=25, strength=1, interval=[0, 500], rescale_t=1
2026-06-10 16:47:26.467 | INFO     | sam3d_objects.pipeline.inference_pipeline:get_condition_input:641 - Running condition embedder ...
2026-06-10 16:47:26.500 | INFO     | sam3d_objects.pipeline.inference_pipeline:get_condition_input:645 - Condition embedder finishes!
2026-06-10 16:47:30.200 | INFO     | sam3d_objects.pipeline.inference_pipeline:decode_slat:614 - Decoding sparse latent...
2026-06-10 16:47:30.482 | INFO     | sam3d_objects.pipeline.inference_pipeline:postprocess_slat_output:542 - Postprocessing mesh with option with_mesh_postprocess False, with_texture_baking False...
2026-06-10 16:47:30.482 | INFO     | sam3d_objects.pipeline.inference_pipeline_pointmap:run:579 - Finished!
[ 83] bowl     gt_iso=0.172 pred=0.180 rel_gtpm=0.044  moge=0.730
2026-06-10 16:47:30.526 | INFO     | sam3d_objects.pipeline.inference_pipeline:sample_sparse_structure:672 - Sampling sparse structure: inference_steps=25, strength=7, interval=[0, 500], rescale_t=3, cfg_strength_pm=0.0
2026-06-10 16:47:30.526 | INFO     | sam3d_objects.pipeline.inference_pipeline:get_condition_input:641 - Running condition embedder ...
2026-06-10 16:47:30.583 | INFO     | sam3d_objects.pipeline.inference_pipeline:get_condition_input:645 - Condition embedder finishes!
2026-06-10 16:47:34.732 | INFO     | sam3d_objects.pipeline.inference_pipeline:sample_sparse_structure:722 - Downsampled coords from 22494 to 22325
2026-06-10 16:47:34.735 | INFO     | sam3d_objects.pipeline.inference_pipeline_pointmap:run:457 - Rescaling scale by 1 after downsampling
2026-06-10 16:47:34.735 | INFO     | sam3d_objects.pipeline.inference_pipeline:sample_slat:753 - Sampling sparse latent: inference_steps=25, strength=1, interval=[0, 500], rescale_t=1
2026-06-10 16:47:34.735 | INFO     | sam3d_objects.pipeline.inference_pipeline:get_condition_input:641 - Running condition embedder ...
2026-06-10 16:47:34.768 | INFO     | sam3d_objects.pipeline.inference_pipeline:get_condition_input:645 - Condition embedder finishes!
2026-06-10 16:47:40.158 | INFO     | sam3d_objects.pipeline.inference_pipeline:decode_slat:614 - Decoding sparse latent...
2026-06-10 16:47:40.721 | INFO     | sam3d_objects.pipeline.inference_pipeline:postprocess_slat_output:542 - Postprocessing mesh with option with_mesh_postprocess False, with_texture_baking False...
2026-06-10 16:47:40.721 | INFO     | sam3d_objects.pipeline.inference_pipeline_pointmap:run:579 - Finished!
2026-06-10 16:47:40.856 | INFO     | sam3d_objects.pipeline.inference_pipeline:sample_sparse_structure:672 - Sampling sparse structure: inference_steps=25, strength=7, interval=[0, 500], rescale_t=3, cfg_strength_pm=0.0
2026-06-10 16:47:40.857 | INFO     | sam3d_objects.pipeline.inference_pipeline:get_condition_input:641 - Running condition embedder ...
2026-06-10 16:47:40.913 | INFO     | sam3d_objects.pipeline.inference_pipeline:get_condition_input:645 - Condition embedder finishes!
2026-06-10 16:47:45.055 | INFO     | sam3d_objects.pipeline.inference_pipeline:sample_sparse_structure:722 - Downsampled coords from 22688 to 22418
2026-06-10 16:47:45.057 | INFO     | sam3d_objects.pipeline.inference_pipeline_pointmap:run:457 - Rescaling scale by 1 after downsampling
2026-06-10 16:47:45.057 | INFO     | sam3d_objects.pipeline.inference_pipeline:sample_slat:753 - Sampling sparse latent: inference_steps=25, strength=1, interval=[0, 500], rescale_t=1
2026-06-10 16:47:45.058 | INFO     | sam3d_objects.pipeline.inference_pipeline:get_condition_input:641 - Running condition embedder ...
2026-06-10 16:47:45.090 | INFO     | sam3d_objects.pipeline.inference_pipeline:get_condition_input:645 - Condition embedder finishes!
2026-06-10 16:47:50.483 | INFO     | sam3d_objects.pipeline.inference_pipeline:decode_slat:614 - Decoding sparse latent...
2026-06-10 16:47:51.049 | INFO     | sam3d_objects.pipeline.inference_pipeline:postprocess_slat_output:542 - Postprocessing mesh with option with_mesh_postprocess False, with_texture_baking False...
2026-06-10 16:47:51.049 | INFO     | sam3d_objects.pipeline.inference_pipeline_pointmap:run:579 - Finished!
[ 84] bottle   gt_iso=0.159 pred=0.158 rel_gtpm=0.007  moge=0.664
2026-06-10 16:47:51.099 | INFO     | sam3d_objects.pipeline.inference_pipeline:sample_sparse_structure:672 - Sampling sparse structure: inference_steps=25, strength=7, interval=[0, 500], rescale_t=3, cfg_strength_pm=0.0
2026-06-10 16:47:51.099 | INFO     | sam3d_objects.pipeline.inference_pipeline:get_condition_input:641 - Running condition embedder ...
2026-06-10 16:47:51.155 | INFO     | sam3d_objects.pipeline.inference_pipeline:get_condition_input:645 - Condition embedder finishes!
2026-06-10 16:47:55.301 | INFO     | sam3d_objects.pipeline.inference_pipeline:sample_sparse_structure:722 - Downsampled coords from 20986 to 20984
2026-06-10 16:47:55.304 | INFO     | sam3d_objects.pipeline.inference_pipeline_pointmap:run:457 - Rescaling scale by 1 after downsampling
2026-06-10 16:47:55.304 | INFO     | sam3d_objects.pipeline.inference_pipeline:sample_slat:753 - Sampling sparse latent: inference_steps=25, strength=1, interval=[0, 500], rescale_t=1
2026-06-10 16:47:55.304 | INFO     | sam3d_objects.pipeline.inference_pipeline:get_condition_input:641 - Running condition embedder ...
2026-06-10 16:47:55.337 | INFO     | sam3d_objects.pipeline.inference_pipeline:get_condition_input:645 - Condition embedder finishes!
2026-06-10 16:48:00.616 | INFO     | sam3d_objects.pipeline.inference_pipeline:decode_slat:614 - Decoding sparse latent...
2026-06-10 16:48:01.101 | INFO     | sam3d_objects.pipeline.inference_pipeline:postprocess_slat_output:542 - Postprocessing mesh with option with_mesh_postprocess False, with_texture_baking False...
2026-06-10 16:48:01.101 | INFO     | sam3d_objects.pipeline.inference_pipeline_pointmap:run:579 - Finished!
2026-06-10 16:48:01.235 | INFO     | sam3d_objects.pipeline.inference_pipeline:sample_sparse_structure:672 - Sampling sparse structure: inference_steps=25, strength=7, interval=[0, 500], rescale_t=3, cfg_strength_pm=0.0
2026-06-10 16:48:01.235 | INFO     | sam3d_objects.pipeline.inference_pipeline:get_condition_input:641 - Running condition embedder ...
2026-06-10 16:48:01.291 | INFO     | sam3d_objects.pipeline.inference_pipeline:get_condition_input:645 - Condition embedder finishes!
2026-06-10 16:48:05.442 | INFO     | sam3d_objects.pipeline.inference_pipeline:sample_sparse_structure:722 - Downsampled coords from 21056 to 21054
2026-06-10 16:48:05.444 | INFO     | sam3d_objects.pipeline.inference_pipeline_pointmap:run:457 - Rescaling scale by 1 after downsampling
2026-06-10 16:48:05.444 | INFO     | sam3d_objects.pipeline.inference_pipeline:sample_slat:753 - Sampling sparse latent: inference_steps=25, strength=1, interval=[0, 500], rescale_t=1
2026-06-10 16:48:05.445 | INFO     | sam3d_objects.pipeline.inference_pipeline:get_condition_input:641 - Running condition embedder ...
2026-06-10 16:48:05.477 | INFO     | sam3d_objects.pipeline.inference_pipeline:get_condition_input:645 - Condition embedder finishes!
2026-06-10 16:48:10.766 | INFO     | sam3d_objects.pipeline.inference_pipeline:decode_slat:614 - Decoding sparse latent...
2026-06-10 16:48:11.280 | INFO     | sam3d_objects.pipeline.inference_pipeline:postprocess_slat_output:542 - Postprocessing mesh with option with_mesh_postprocess False, with_texture_baking False...
2026-06-10 16:48:11.280 | INFO     | sam3d_objects.pipeline.inference_pipeline_pointmap:run:579 - Finished!
[ 85] cup      gt_iso=0.107 pred=0.119 rel_gtpm=0.117  moge=0.879
2026-06-10 16:48:11.328 | INFO     | sam3d_objects.pipeline.inference_pipeline:sample_sparse_structure:672 - Sampling sparse structure: inference_steps=25, strength=7, interval=[0, 500], rescale_t=3, cfg_strength_pm=0.0
2026-06-10 16:48:11.329 | INFO     | sam3d_objects.pipeline.inference_pipeline:get_condition_input:641 - Running condition embedder ...
2026-06-10 16:48:11.385 | INFO     | sam3d_objects.pipeline.inference_pipeline:get_condition_input:645 - Condition embedder finishes!
2026-06-10 16:48:15.533 | INFO     | sam3d_objects.pipeline.inference_pipeline:sample_sparse_structure:722 - Downsampled coords from 7801 to 7801
2026-06-10 16:48:15.535 | INFO     | sam3d_objects.pipeline.inference_pipeline_pointmap:run:457 - Rescaling scale by 1 after downsampling
2026-06-10 16:48:15.535 | INFO     | sam3d_objects.pipeline.inference_pipeline:sample_slat:753 - Sampling sparse latent: inference_steps=25, strength=1, interval=[0, 500], rescale_t=1
2026-06-10 16:48:15.536 | INFO     | sam3d_objects.pipeline.inference_pipeline:get_condition_input:641 - Running condition embedder ...
2026-06-10 16:48:15.568 | INFO     | sam3d_objects.pipeline.inference_pipeline:get_condition_input:645 - Condition embedder finishes!
2026-06-10 16:48:18.274 | INFO     | sam3d_objects.pipeline.inference_pipeline:decode_slat:614 - Decoding sparse latent...
2026-06-10 16:48:18.401 | INFO     | sam3d_objects.pipeline.inference_pipeline:postprocess_slat_output:542 - Postprocessing mesh with option with_mesh_postprocess False, with_texture_baking False...
2026-06-10 16:48:18.401 | INFO     | sam3d_objects.pipeline.inference_pipeline_pointmap:run:579 - Finished!
2026-06-10 16:48:18.524 | INFO     | sam3d_objects.pipeline.inference_pipeline:sample_sparse_structure:672 - Sampling sparse structure: inference_steps=25, strength=7, interval=[0, 500], rescale_t=3, cfg_strength_pm=0.0
2026-06-10 16:48:18.524 | INFO     | sam3d_objects.pipeline.inference_pipeline:get_condition_input:641 - Running condition embedder ...
2026-06-10 16:48:18.580 | INFO     | sam3d_objects.pipeline.inference_pipeline:get_condition_input:645 - Condition embedder finishes!
2026-06-10 16:48:22.730 | INFO     | sam3d_objects.pipeline.inference_pipeline:sample_sparse_structure:722 - Downsampled coords from 7817 to 7817
2026-06-10 16:48:22.733 | INFO     | sam3d_objects.pipeline.inference_pipeline_pointmap:run:457 - Rescaling scale by 1 after downsampling
2026-06-10 16:48:22.733 | INFO     | sam3d_objects.pipeline.inference_pipeline:sample_slat:753 - Sampling sparse latent: inference_steps=25, strength=1, interval=[0, 500], rescale_t=1
2026-06-10 16:48:22.733 | INFO     | sam3d_objects.pipeline.inference_pipeline:get_condition_input:641 - Running condition embedder ...
2026-06-10 16:48:22.766 | INFO     | sam3d_objects.pipeline.inference_pipeline:get_condition_input:645 - Condition embedder finishes!
2026-06-10 16:48:25.434 | INFO     | sam3d_objects.pipeline.inference_pipeline:decode_slat:614 - Decoding sparse latent...
2026-06-10 16:48:25.563 | INFO     | sam3d_objects.pipeline.inference_pipeline:postprocess_slat_output:542 - Postprocessing mesh with option with_mesh_postprocess False, with_texture_baking False...
2026-06-10 16:48:25.563 | INFO     | sam3d_objects.pipeline.inference_pipeline_pointmap:run:579 - Finished!
[ 86] can      gt_iso=0.130 pred=0.135 rel_gtpm=0.035  moge=0.559
2026-06-10 16:48:25.633 | INFO     | sam3d_objects.pipeline.inference_pipeline:sample_sparse_structure:672 - Sampling sparse structure: inference_steps=25, strength=7, interval=[0, 500], rescale_t=3, cfg_strength_pm=0.0
2026-06-10 16:48:25.634 | INFO     | sam3d_objects.pipeline.inference_pipeline:get_condition_input:641 - Running condition embedder ...
2026-06-10 16:48:25.690 | INFO     | sam3d_objects.pipeline.inference_pipeline:get_condition_input:645 - Condition embedder finishes!
2026-06-10 16:48:29.843 | INFO     | sam3d_objects.pipeline.inference_pipeline:sample_sparse_structure:722 - Downsampled coords from 26045 to 23303
2026-06-10 16:48:29.846 | INFO     | sam3d_objects.pipeline.inference_pipeline_pointmap:run:457 - Rescaling scale by 1 after downsampling
2026-06-10 16:48:29.846 | INFO     | sam3d_objects.pipeline.inference_pipeline:sample_slat:753 - Sampling sparse latent: inference_steps=25, strength=1, interval=[0, 500], rescale_t=1
2026-06-10 16:48:29.846 | INFO     | sam3d_objects.pipeline.inference_pipeline:get_condition_input:641 - Running condition embedder ...
2026-06-10 16:48:29.879 | INFO     | sam3d_objects.pipeline.inference_pipeline:get_condition_input:645 - Condition embedder finishes!
2026-06-10 16:48:36.368 | INFO     | sam3d_objects.pipeline.inference_pipeline:decode_slat:614 - Decoding sparse latent...
2026-06-10 16:48:36.979 | INFO     | sam3d_objects.pipeline.inference_pipeline:postprocess_slat_output:542 - Postprocessing mesh with option with_mesh_postprocess False, with_texture_baking False...
2026-06-10 16:48:36.979 | INFO     | sam3d_objects.pipeline.inference_pipeline_pointmap:run:579 - Finished!
2026-06-10 16:48:37.117 | INFO     | sam3d_objects.pipeline.inference_pipeline:sample_sparse_structure:672 - Sampling sparse structure: inference_steps=25, strength=7, interval=[0, 500], rescale_t=3, cfg_strength_pm=0.0
2026-06-10 16:48:37.118 | INFO     | sam3d_objects.pipeline.inference_pipeline:get_condition_input:641 - Running condition embedder ...
2026-06-10 16:48:37.173 | INFO     | sam3d_objects.pipeline.inference_pipeline:get_condition_input:645 - Condition embedder finishes!
2026-06-10 16:48:41.327 | INFO     | sam3d_objects.pipeline.inference_pipeline:sample_sparse_structure:722 - Downsampled coords from 21208 to 19155
2026-06-10 16:48:41.329 | INFO     | sam3d_objects.pipeline.inference_pipeline_pointmap:run:457 - Rescaling scale by 1 after downsampling
2026-06-10 16:48:41.330 | INFO     | sam3d_objects.pipeline.inference_pipeline:sample_slat:753 - Sampling sparse latent: inference_steps=25, strength=1, interval=[0, 500], rescale_t=1
2026-06-10 16:48:41.330 | INFO     | sam3d_objects.pipeline.inference_pipeline:get_condition_input:641 - Running condition embedder ...
2026-06-10 16:48:41.363 | INFO     | sam3d_objects.pipeline.inference_pipeline:get_condition_input:645 - Condition embedder finishes!
2026-06-10 16:48:47.003 | INFO     | sam3d_objects.pipeline.inference_pipeline:decode_slat:614 - Decoding sparse latent...
2026-06-10 16:48:47.445 | INFO     | sam3d_objects.pipeline.inference_pipeline:postprocess_slat_output:542 - Postprocessing mesh with option with_mesh_postprocess False, with_texture_baking False...
2026-06-10 16:48:47.445 | INFO     | sam3d_objects.pipeline.inference_pipeline_pointmap:run:579 - Finished!
[ 87] camera   gt_iso=0.152 pred=0.148 rel_gtpm=0.029  moge=0.548
2026-06-10 16:48:47.495 | INFO     | sam3d_objects.pipeline.inference_pipeline:sample_sparse_structure:672 - Sampling sparse structure: inference_steps=25, strength=7, interval=[0, 500], rescale_t=3, cfg_strength_pm=0.0
2026-06-10 16:48:47.496 | INFO     | sam3d_objects.pipeline.inference_pipeline:get_condition_input:641 - Running condition embedder ...
2026-06-10 16:48:47.552 | INFO     | sam3d_objects.pipeline.inference_pipeline:get_condition_input:645 - Condition embedder finishes!
2026-06-10 16:48:51.696 | INFO     | sam3d_objects.pipeline.inference_pipeline:sample_sparse_structure:722 - Downsampled coords from 20752 to 20732
2026-06-10 16:48:51.699 | INFO     | sam3d_objects.pipeline.inference_pipeline_pointmap:run:457 - Rescaling scale by 1 after downsampling
2026-06-10 16:48:51.699 | INFO     | sam3d_objects.pipeline.inference_pipeline:sample_slat:753 - Sampling sparse latent: inference_steps=25, strength=1, interval=[0, 500], rescale_t=1
2026-06-10 16:48:51.699 | INFO     | sam3d_objects.pipeline.inference_pipeline:get_condition_input:641 - Running condition embedder ...
2026-06-10 16:48:51.732 | INFO     | sam3d_objects.pipeline.inference_pipeline:get_condition_input:645 - Condition embedder finishes!
2026-06-10 16:48:56.695 | INFO     | sam3d_objects.pipeline.inference_pipeline:decode_slat:614 - Decoding sparse latent...
2026-06-10 16:48:57.191 | INFO     | sam3d_objects.pipeline.inference_pipeline:postprocess_slat_output:542 - Postprocessing mesh with option with_mesh_postprocess False, with_texture_baking False...
2026-06-10 16:48:57.191 | INFO     | sam3d_objects.pipeline.inference_pipeline_pointmap:run:579 - Finished!
2026-06-10 16:48:57.324 | INFO     | sam3d_objects.pipeline.inference_pipeline:sample_sparse_structure:672 - Sampling sparse structure: inference_steps=25, strength=7, interval=[0, 500], rescale_t=3, cfg_strength_pm=0.0
2026-06-10 16:48:57.324 | INFO     | sam3d_objects.pipeline.inference_pipeline:get_condition_input:641 - Running condition embedder ...
2026-06-10 16:48:57.381 | INFO     | sam3d_objects.pipeline.inference_pipeline:get_condition_input:645 - Condition embedder finishes!
2026-06-10 16:49:01.527 | INFO     | sam3d_objects.pipeline.inference_pipeline:sample_sparse_structure:722 - Downsampled coords from 20679 to 20677
2026-06-10 16:49:01.530 | INFO     | sam3d_objects.pipeline.inference_pipeline_pointmap:run:457 - Rescaling scale by 1 after downsampling
2026-06-10 16:49:01.530 | INFO     | sam3d_objects.pipeline.inference_pipeline:sample_slat:753 - Sampling sparse latent: inference_steps=25, strength=1, interval=[0, 500], rescale_t=1
2026-06-10 16:49:01.530 | INFO     | sam3d_objects.pipeline.inference_pipeline:get_condition_input:641 - Running condition embedder ...
2026-06-10 16:49:01.563 | INFO     | sam3d_objects.pipeline.inference_pipeline:get_condition_input:645 - Condition embedder finishes!
2026-06-10 16:49:06.672 | INFO     | sam3d_objects.pipeline.inference_pipeline:decode_slat:614 - Decoding sparse latent...
2026-06-10 16:49:07.168 | INFO     | sam3d_objects.pipeline.inference_pipeline:postprocess_slat_output:542 - Postprocessing mesh with option with_mesh_postprocess False, with_texture_baking False...
2026-06-10 16:49:07.168 | INFO     | sam3d_objects.pipeline.inference_pipeline_pointmap:run:579 - Finished!
[ 88] cup      gt_iso=0.107 pred=0.118 rel_gtpm=0.106  moge=0.813
2026-06-10 16:49:07.216 | INFO     | sam3d_objects.pipeline.inference_pipeline:sample_sparse_structure:672 - Sampling sparse structure: inference_steps=25, strength=7, interval=[0, 500], rescale_t=3, cfg_strength_pm=0.0
2026-06-10 16:49:07.216 | INFO     | sam3d_objects.pipeline.inference_pipeline:get_condition_input:641 - Running condition embedder ...
2026-06-10 16:49:07.273 | INFO     | sam3d_objects.pipeline.inference_pipeline:get_condition_input:645 - Condition embedder finishes!
2026-06-10 16:49:11.419 | INFO     | sam3d_objects.pipeline.inference_pipeline:sample_sparse_structure:722 - Downsampled coords from 16938 to 16937
2026-06-10 16:49:11.422 | INFO     | sam3d_objects.pipeline.inference_pipeline_pointmap:run:457 - Rescaling scale by 1 after downsampling
2026-06-10 16:49:11.422 | INFO     | sam3d_objects.pipeline.inference_pipeline:sample_slat:753 - Sampling sparse latent: inference_steps=25, strength=1, interval=[0, 500], rescale_t=1
2026-06-10 16:49:11.422 | INFO     | sam3d_objects.pipeline.inference_pipeline:get_condition_input:641 - Running condition embedder ...
2026-06-10 16:49:11.455 | INFO     | sam3d_objects.pipeline.inference_pipeline:get_condition_input:645 - Condition embedder finishes!
2026-06-10 16:49:16.127 | INFO     | sam3d_objects.pipeline.inference_pipeline:decode_slat:614 - Decoding sparse latent...
2026-06-10 16:49:16.494 | INFO     | sam3d_objects.pipeline.inference_pipeline:postprocess_slat_output:542 - Postprocessing mesh with option with_mesh_postprocess False, with_texture_baking False...
2026-06-10 16:49:16.494 | INFO     | sam3d_objects.pipeline.inference_pipeline_pointmap:run:579 - Finished!
2026-06-10 16:49:16.625 | INFO     | sam3d_objects.pipeline.inference_pipeline:sample_sparse_structure:672 - Sampling sparse structure: inference_steps=25, strength=7, interval=[0, 500], rescale_t=3, cfg_strength_pm=0.0
2026-06-10 16:49:16.625 | INFO     | sam3d_objects.pipeline.inference_pipeline:get_condition_input:641 - Running condition embedder ...
2026-06-10 16:49:16.681 | INFO     | sam3d_objects.pipeline.inference_pipeline:get_condition_input:645 - Condition embedder finishes!
2026-06-10 16:49:20.831 | INFO     | sam3d_objects.pipeline.inference_pipeline:sample_sparse_structure:722 - Downsampled coords from 16940 to 16934
2026-06-10 16:49:20.834 | INFO     | sam3d_objects.pipeline.inference_pipeline_pointmap:run:457 - Rescaling scale by 1 after downsampling
2026-06-10 16:49:20.834 | INFO     | sam3d_objects.pipeline.inference_pipeline:sample_slat:753 - Sampling sparse latent: inference_steps=25, strength=1, interval=[0, 500], rescale_t=1
2026-06-10 16:49:20.834 | INFO     | sam3d_objects.pipeline.inference_pipeline:get_condition_input:641 - Running condition embedder ...
2026-06-10 16:49:20.867 | INFO     | sam3d_objects.pipeline.inference_pipeline:get_condition_input:645 - Condition embedder finishes!
2026-06-10 16:49:25.648 | INFO     | sam3d_objects.pipeline.inference_pipeline:decode_slat:614 - Decoding sparse latent...
2026-06-10 16:49:26.012 | INFO     | sam3d_objects.pipeline.inference_pipeline:postprocess_slat_output:542 - Postprocessing mesh with option with_mesh_postprocess False, with_texture_baking False...
2026-06-10 16:49:26.012 | INFO     | sam3d_objects.pipeline.inference_pipeline_pointmap:run:579 - Finished!
[ 89] bowl     gt_iso=0.157 pred=0.166 rel_gtpm=0.060  moge=1.347
2026-06-10 16:49:26.059 | INFO     | sam3d_objects.pipeline.inference_pipeline:sample_sparse_structure:672 - Sampling sparse structure: inference_steps=25, strength=7, interval=[0, 500], rescale_t=3, cfg_strength_pm=0.0
2026-06-10 16:49:26.059 | INFO     | sam3d_objects.pipeline.inference_pipeline:get_condition_input:641 - Running condition embedder ...
2026-06-10 16:49:26.115 | INFO     | sam3d_objects.pipeline.inference_pipeline:get_condition_input:645 - Condition embedder finishes!
2026-06-10 16:49:30.257 | INFO     | sam3d_objects.pipeline.inference_pipeline:sample_sparse_structure:722 - Downsampled coords from 18382 to 18382
2026-06-10 16:49:30.260 | INFO     | sam3d_objects.pipeline.inference_pipeline_pointmap:run:457 - Rescaling scale by 1 after downsampling
2026-06-10 16:49:30.260 | INFO     | sam3d_objects.pipeline.inference_pipeline:sample_slat:753 - Sampling sparse latent: inference_steps=25, strength=1, interval=[0, 500], rescale_t=1
2026-06-10 16:49:30.260 | INFO     | sam3d_objects.pipeline.inference_pipeline:get_condition_input:641 - Running condition embedder ...
2026-06-10 16:49:30.293 | INFO     | sam3d_objects.pipeline.inference_pipeline:get_condition_input:645 - Condition embedder finishes!
2026-06-10 16:49:34.134 | INFO     | sam3d_objects.pipeline.inference_pipeline:decode_slat:614 - Decoding sparse latent...
2026-06-10 16:49:34.547 | INFO     | sam3d_objects.pipeline.inference_pipeline:postprocess_slat_output:542 - Postprocessing mesh with option with_mesh_postprocess False, with_texture_baking False...
2026-06-10 16:49:34.547 | INFO     | sam3d_objects.pipeline.inference_pipeline_pointmap:run:579 - Finished!
2026-06-10 16:49:34.682 | INFO     | sam3d_objects.pipeline.inference_pipeline:sample_sparse_structure:672 - Sampling sparse structure: inference_steps=25, strength=7, interval=[0, 500], rescale_t=3, cfg_strength_pm=0.0
2026-06-10 16:49:34.682 | INFO     | sam3d_objects.pipeline.inference_pipeline:get_condition_input:641 - Running condition embedder ...
2026-06-10 16:49:34.738 | INFO     | sam3d_objects.pipeline.inference_pipeline:get_condition_input:645 - Condition embedder finishes!
2026-06-10 16:49:38.887 | INFO     | sam3d_objects.pipeline.inference_pipeline:sample_sparse_structure:722 - Downsampled coords from 18622 to 18622
2026-06-10 16:49:38.890 | INFO     | sam3d_objects.pipeline.inference_pipeline_pointmap:run:457 - Rescaling scale by 1 after downsampling
2026-06-10 16:49:38.890 | INFO     | sam3d_objects.pipeline.inference_pipeline:sample_slat:753 - Sampling sparse latent: inference_steps=25, strength=1, interval=[0, 500], rescale_t=1
2026-06-10 16:49:38.890 | INFO     | sam3d_objects.pipeline.inference_pipeline:get_condition_input:641 - Running condition embedder ...
2026-06-10 16:49:38.923 | INFO     | sam3d_objects.pipeline.inference_pipeline:get_condition_input:645 - Condition embedder finishes!
2026-06-10 16:49:42.738 | INFO     | sam3d_objects.pipeline.inference_pipeline:decode_slat:614 - Decoding sparse latent...
2026-06-10 16:49:43.162 | INFO     | sam3d_objects.pipeline.inference_pipeline:postprocess_slat_output:542 - Postprocessing mesh with option with_mesh_postprocess False, with_texture_baking False...
2026-06-10 16:49:43.162 | INFO     | sam3d_objects.pipeline.inference_pipeline_pointmap:run:579 - Finished!
[ 90] bottle   gt_iso=0.159 pred=0.161 rel_gtpm=0.011  moge=0.792
2026-06-10 16:49:43.208 | INFO     | sam3d_objects.pipeline.inference_pipeline:sample_sparse_structure:672 - Sampling sparse structure: inference_steps=25, strength=7, interval=[0, 500], rescale_t=3, cfg_strength_pm=0.0
2026-06-10 16:49:43.209 | INFO     | sam3d_objects.pipeline.inference_pipeline:get_condition_input:641 - Running condition embedder ...
2026-06-10 16:49:43.265 | INFO     | sam3d_objects.pipeline.inference_pipeline:get_condition_input:645 - Condition embedder finishes!
2026-06-10 16:49:47.410 | INFO     | sam3d_objects.pipeline.inference_pipeline:sample_sparse_structure:722 - Downsampled coords from 12676 to 11771
2026-06-10 16:49:47.413 | INFO     | sam3d_objects.pipeline.inference_pipeline_pointmap:run:457 - Rescaling scale by 1 after downsampling
2026-06-10 16:49:47.413 | INFO     | sam3d_objects.pipeline.inference_pipeline:sample_slat:753 - Sampling sparse latent: inference_steps=25, strength=1, interval=[0, 500], rescale_t=1
2026-06-10 16:49:47.413 | INFO     | sam3d_objects.pipeline.inference_pipeline:get_condition_input:641 - Running condition embedder ...
2026-06-10 16:49:47.447 | INFO     | sam3d_objects.pipeline.inference_pipeline:get_condition_input:645 - Condition embedder finishes!
2026-06-10 16:49:50.740 | INFO     | sam3d_objects.pipeline.inference_pipeline:decode_slat:614 - Decoding sparse latent...
2026-06-10 16:49:50.954 | INFO     | sam3d_objects.pipeline.inference_pipeline:postprocess_slat_output:542 - Postprocessing mesh with option with_mesh_postprocess False, with_texture_baking False...
2026-06-10 16:49:50.954 | INFO     | sam3d_objects.pipeline.inference_pipeline_pointmap:run:579 - Finished!
2026-06-10 16:49:51.081 | INFO     | sam3d_objects.pipeline.inference_pipeline:sample_sparse_structure:672 - Sampling sparse structure: inference_steps=25, strength=7, interval=[0, 500], rescale_t=3, cfg_strength_pm=0.0
2026-06-10 16:49:51.081 | INFO     | sam3d_objects.pipeline.inference_pipeline:get_condition_input:641 - Running condition embedder ...
2026-06-10 16:49:51.137 | INFO     | sam3d_objects.pipeline.inference_pipeline:get_condition_input:645 - Condition embedder finishes!
2026-06-10 16:49:55.279 | INFO     | sam3d_objects.pipeline.inference_pipeline:sample_sparse_structure:722 - Downsampled coords from 13012 to 11932
2026-06-10 16:49:55.282 | INFO     | sam3d_objects.pipeline.inference_pipeline_pointmap:run:457 - Rescaling scale by 1 after downsampling
2026-06-10 16:49:55.282 | INFO     | sam3d_objects.pipeline.inference_pipeline:sample_slat:753 - Sampling sparse latent: inference_steps=25, strength=1, interval=[0, 500], rescale_t=1
2026-06-10 16:49:55.282 | INFO     | sam3d_objects.pipeline.inference_pipeline:get_condition_input:641 - Running condition embedder ...
2026-06-10 16:49:55.315 | INFO     | sam3d_objects.pipeline.inference_pipeline:get_condition_input:645 - Condition embedder finishes!
2026-06-10 16:49:58.633 | INFO     | sam3d_objects.pipeline.inference_pipeline:decode_slat:614 - Decoding sparse latent...
2026-06-10 16:49:58.851 | INFO     | sam3d_objects.pipeline.inference_pipeline:postprocess_slat_output:542 - Postprocessing mesh with option with_mesh_postprocess False, with_texture_baking False...
2026-06-10 16:49:58.851 | INFO     | sam3d_objects.pipeline.inference_pipeline_pointmap:run:579 - Finished!
[ 91] laptop   gt_iso=0.307 pred=0.299 rel_gtpm=0.026  moge=0.947
2026-06-10 16:49:58.897 | INFO     | sam3d_objects.pipeline.inference_pipeline:sample_sparse_structure:672 - Sampling sparse structure: inference_steps=25, strength=7, interval=[0, 500], rescale_t=3, cfg_strength_pm=0.0
2026-06-10 16:49:58.897 | INFO     | sam3d_objects.pipeline.inference_pipeline:get_condition_input:641 - Running condition embedder ...
2026-06-10 16:49:58.953 | INFO     | sam3d_objects.pipeline.inference_pipeline:get_condition_input:645 - Condition embedder finishes!
2026-06-10 16:50:03.101 | INFO     | sam3d_objects.pipeline.inference_pipeline:sample_sparse_structure:722 - Downsampled coords from 7688 to 7688
2026-06-10 16:50:03.104 | INFO     | sam3d_objects.pipeline.inference_pipeline_pointmap:run:457 - Rescaling scale by 1 after downsampling
2026-06-10 16:50:03.104 | INFO     | sam3d_objects.pipeline.inference_pipeline:sample_slat:753 - Sampling sparse latent: inference_steps=25, strength=1, interval=[0, 500], rescale_t=1
2026-06-10 16:50:03.104 | INFO     | sam3d_objects.pipeline.inference_pipeline:get_condition_input:641 - Running condition embedder ...
2026-06-10 16:50:03.137 | INFO     | sam3d_objects.pipeline.inference_pipeline:get_condition_input:645 - Condition embedder finishes!
2026-06-10 16:50:05.768 | INFO     | sam3d_objects.pipeline.inference_pipeline:decode_slat:614 - Decoding sparse latent...
2026-06-10 16:50:05.890 | INFO     | sam3d_objects.pipeline.inference_pipeline:postprocess_slat_output:542 - Postprocessing mesh with option with_mesh_postprocess False, with_texture_baking False...
2026-06-10 16:50:05.891 | INFO     | sam3d_objects.pipeline.inference_pipeline_pointmap:run:579 - Finished!
2026-06-10 16:50:06.013 | INFO     | sam3d_objects.pipeline.inference_pipeline:sample_sparse_structure:672 - Sampling sparse structure: inference_steps=25, strength=7, interval=[0, 500], rescale_t=3, cfg_strength_pm=0.0
2026-06-10 16:50:06.013 | INFO     | sam3d_objects.pipeline.inference_pipeline:get_condition_input:641 - Running condition embedder ...
2026-06-10 16:50:06.069 | INFO     | sam3d_objects.pipeline.inference_pipeline:get_condition_input:645 - Condition embedder finishes!
2026-06-10 16:50:10.218 | INFO     | sam3d_objects.pipeline.inference_pipeline:sample_sparse_structure:722 - Downsampled coords from 7692 to 7692
2026-06-10 16:50:10.221 | INFO     | sam3d_objects.pipeline.inference_pipeline_pointmap:run:457 - Rescaling scale by 1 after downsampling
2026-06-10 16:50:10.221 | INFO     | sam3d_objects.pipeline.inference_pipeline:sample_slat:753 - Sampling sparse latent: inference_steps=25, strength=1, interval=[0, 500], rescale_t=1
2026-06-10 16:50:10.221 | INFO     | sam3d_objects.pipeline.inference_pipeline:get_condition_input:641 - Running condition embedder ...
2026-06-10 16:50:10.254 | INFO     | sam3d_objects.pipeline.inference_pipeline:get_condition_input:645 - Condition embedder finishes!
2026-06-10 16:50:12.873 | INFO     | sam3d_objects.pipeline.inference_pipeline:decode_slat:614 - Decoding sparse latent...
2026-06-10 16:50:13.000 | INFO     | sam3d_objects.pipeline.inference_pipeline:postprocess_slat_output:542 - Postprocessing mesh with option with_mesh_postprocess False, with_texture_baking False...
2026-06-10 16:50:13.000 | INFO     | sam3d_objects.pipeline.inference_pipeline_pointmap:run:579 - Finished!
[ 92] can      gt_iso=0.156 pred=0.172 rel_gtpm=0.103  moge=1.166
2026-06-10 16:50:13.042 | INFO     | sam3d_objects.pipeline.inference_pipeline:sample_sparse_structure:672 - Sampling sparse structure: inference_steps=25, strength=7, interval=[0, 500], rescale_t=3, cfg_strength_pm=0.0
2026-06-10 16:50:13.043 | INFO     | sam3d_objects.pipeline.inference_pipeline:get_condition_input:641 - Running condition embedder ...
2026-06-10 16:50:13.099 | INFO     | sam3d_objects.pipeline.inference_pipeline:get_condition_input:645 - Condition embedder finishes!
2026-06-10 16:50:17.241 | INFO     | sam3d_objects.pipeline.inference_pipeline:sample_sparse_structure:722 - Downsampled coords from 12490 to 11690
2026-06-10 16:50:17.243 | INFO     | sam3d_objects.pipeline.inference_pipeline_pointmap:run:457 - Rescaling scale by 1 after downsampling
2026-06-10 16:50:17.243 | INFO     | sam3d_objects.pipeline.inference_pipeline:sample_slat:753 - Sampling sparse latent: inference_steps=25, strength=1, interval=[0, 500], rescale_t=1
2026-06-10 16:50:17.244 | INFO     | sam3d_objects.pipeline.inference_pipeline:get_condition_input:641 - Running condition embedder ...
2026-06-10 16:50:17.276 | INFO     | sam3d_objects.pipeline.inference_pipeline:get_condition_input:645 - Condition embedder finishes!
2026-06-10 16:50:20.351 | INFO     | sam3d_objects.pipeline.inference_pipeline:decode_slat:614 - Decoding sparse latent...
2026-06-10 16:50:20.565 | INFO     | sam3d_objects.pipeline.inference_pipeline:postprocess_slat_output:542 - Postprocessing mesh with option with_mesh_postprocess False, with_texture_baking False...
2026-06-10 16:50:20.565 | INFO     | sam3d_objects.pipeline.inference_pipeline_pointmap:run:579 - Finished!
2026-06-10 16:50:20.690 | INFO     | sam3d_objects.pipeline.inference_pipeline:sample_sparse_structure:672 - Sampling sparse structure: inference_steps=25, strength=7, interval=[0, 500], rescale_t=3, cfg_strength_pm=0.0
2026-06-10 16:50:20.691 | INFO     | sam3d_objects.pipeline.inference_pipeline:get_condition_input:641 - Running condition embedder ...
2026-06-10 16:50:20.747 | INFO     | sam3d_objects.pipeline.inference_pipeline:get_condition_input:645 - Condition embedder finishes!
2026-06-10 16:50:24.888 | INFO     | sam3d_objects.pipeline.inference_pipeline:sample_sparse_structure:722 - Downsampled coords from 12267 to 11476
2026-06-10 16:50:24.891 | INFO     | sam3d_objects.pipeline.inference_pipeline_pointmap:run:457 - Rescaling scale by 1 after downsampling
2026-06-10 16:50:24.891 | INFO     | sam3d_objects.pipeline.inference_pipeline:sample_slat:753 - Sampling sparse latent: inference_steps=25, strength=1, interval=[0, 500], rescale_t=1
2026-06-10 16:50:24.891 | INFO     | sam3d_objects.pipeline.inference_pipeline:get_condition_input:641 - Running condition embedder ...
2026-06-10 16:50:24.924 | INFO     | sam3d_objects.pipeline.inference_pipeline:get_condition_input:645 - Condition embedder finishes!
2026-06-10 16:50:28.123 | INFO     | sam3d_objects.pipeline.inference_pipeline:decode_slat:614 - Decoding sparse latent...
2026-06-10 16:50:28.326 | INFO     | sam3d_objects.pipeline.inference_pipeline:postprocess_slat_output:542 - Postprocessing mesh with option with_mesh_postprocess False, with_texture_baking False...
2026-06-10 16:50:28.326 | INFO     | sam3d_objects.pipeline.inference_pipeline_pointmap:run:579 - Finished!
[ 93] laptop   gt_iso=0.383 pred=0.335 rel_gtpm=0.125  moge=0.494
2026-06-10 16:50:28.370 | INFO     | sam3d_objects.pipeline.inference_pipeline:sample_sparse_structure:672 - Sampling sparse structure: inference_steps=25, strength=7, interval=[0, 500], rescale_t=3, cfg_strength_pm=0.0
2026-06-10 16:50:28.370 | INFO     | sam3d_objects.pipeline.inference_pipeline:get_condition_input:641 - Running condition embedder ...
2026-06-10 16:50:28.426 | INFO     | sam3d_objects.pipeline.inference_pipeline:get_condition_input:645 - Condition embedder finishes!
2026-06-10 16:50:32.577 | INFO     | sam3d_objects.pipeline.inference_pipeline:sample_sparse_structure:722 - Downsampled coords from 14827 to 14815
2026-06-10 16:50:32.580 | INFO     | sam3d_objects.pipeline.inference_pipeline_pointmap:run:457 - Rescaling scale by 1 after downsampling
2026-06-10 16:50:32.580 | INFO     | sam3d_objects.pipeline.inference_pipeline:sample_slat:753 - Sampling sparse latent: inference_steps=25, strength=1, interval=[0, 500], rescale_t=1
2026-06-10 16:50:32.580 | INFO     | sam3d_objects.pipeline.inference_pipeline:get_condition_input:641 - Running condition embedder ...
2026-06-10 16:50:32.613 | INFO     | sam3d_objects.pipeline.inference_pipeline:get_condition_input:645 - Condition embedder finishes!
2026-06-10 16:50:36.325 | INFO     | sam3d_objects.pipeline.inference_pipeline:decode_slat:614 - Decoding sparse latent...
2026-06-10 16:50:36.620 | INFO     | sam3d_objects.pipeline.inference_pipeline:postprocess_slat_output:542 - Postprocessing mesh with option with_mesh_postprocess False, with_texture_baking False...
2026-06-10 16:50:36.620 | INFO     | sam3d_objects.pipeline.inference_pipeline_pointmap:run:579 - Finished!
2026-06-10 16:50:36.745 | INFO     | sam3d_objects.pipeline.inference_pipeline:sample_sparse_structure:672 - Sampling sparse structure: inference_steps=25, strength=7, interval=[0, 500], rescale_t=3, cfg_strength_pm=0.0
2026-06-10 16:50:36.745 | INFO     | sam3d_objects.pipeline.inference_pipeline:get_condition_input:641 - Running condition embedder ...
2026-06-10 16:50:36.801 | INFO     | sam3d_objects.pipeline.inference_pipeline:get_condition_input:645 - Condition embedder finishes!
2026-06-10 16:50:40.955 | INFO     | sam3d_objects.pipeline.inference_pipeline:sample_sparse_structure:722 - Downsampled coords from 14481 to 14480
2026-06-10 16:50:40.958 | INFO     | sam3d_objects.pipeline.inference_pipeline_pointmap:run:457 - Rescaling scale by 1 after downsampling
2026-06-10 16:50:40.958 | INFO     | sam3d_objects.pipeline.inference_pipeline:sample_slat:753 - Sampling sparse latent: inference_steps=25, strength=1, interval=[0, 500], rescale_t=1
2026-06-10 16:50:40.958 | INFO     | sam3d_objects.pipeline.inference_pipeline:get_condition_input:641 - Running condition embedder ...
2026-06-10 16:50:40.991 | INFO     | sam3d_objects.pipeline.inference_pipeline:get_condition_input:645 - Condition embedder finishes!
2026-06-10 16:50:44.610 | INFO     | sam3d_objects.pipeline.inference_pipeline:decode_slat:614 - Decoding sparse latent...
2026-06-10 16:50:44.883 | INFO     | sam3d_objects.pipeline.inference_pipeline:postprocess_slat_output:542 - Postprocessing mesh with option with_mesh_postprocess False, with_texture_baking False...
2026-06-10 16:50:44.883 | INFO     | sam3d_objects.pipeline.inference_pipeline_pointmap:run:579 - Finished!
[ 94] bowl     gt_iso=0.172 pred=0.181 rel_gtpm=0.052  moge=0.674
2026-06-10 16:50:44.926 | INFO     | sam3d_objects.pipeline.inference_pipeline:sample_sparse_structure:672 - Sampling sparse structure: inference_steps=25, strength=7, interval=[0, 500], rescale_t=3, cfg_strength_pm=0.0
2026-06-10 16:50:44.927 | INFO     | sam3d_objects.pipeline.inference_pipeline:get_condition_input:641 - Running condition embedder ...
2026-06-10 16:50:44.983 | INFO     | sam3d_objects.pipeline.inference_pipeline:get_condition_input:645 - Condition embedder finishes!
2026-06-10 16:50:49.122 | INFO     | sam3d_objects.pipeline.inference_pipeline:sample_sparse_structure:722 - Downsampled coords from 18624 to 18615
2026-06-10 16:50:49.125 | INFO     | sam3d_objects.pipeline.inference_pipeline_pointmap:run:457 - Rescaling scale by 1 after downsampling
2026-06-10 16:50:49.125 | INFO     | sam3d_objects.pipeline.inference_pipeline:sample_slat:753 - Sampling sparse latent: inference_steps=25, strength=1, interval=[0, 500], rescale_t=1
2026-06-10 16:50:49.125 | INFO     | sam3d_objects.pipeline.inference_pipeline:get_condition_input:641 - Running condition embedder ...
2026-06-10 16:50:49.158 | INFO     | sam3d_objects.pipeline.inference_pipeline:get_condition_input:645 - Condition embedder finishes!
2026-06-10 16:50:53.936 | INFO     | sam3d_objects.pipeline.inference_pipeline:decode_slat:614 - Decoding sparse latent...
2026-06-10 16:50:54.359 | INFO     | sam3d_objects.pipeline.inference_pipeline:postprocess_slat_output:542 - Postprocessing mesh with option with_mesh_postprocess False, with_texture_baking False...
2026-06-10 16:50:54.359 | INFO     | sam3d_objects.pipeline.inference_pipeline_pointmap:run:579 - Finished!
2026-06-10 16:50:54.519 | INFO     | sam3d_objects.pipeline.inference_pipeline:sample_sparse_structure:672 - Sampling sparse structure: inference_steps=25, strength=7, interval=[0, 500], rescale_t=3, cfg_strength_pm=0.0
2026-06-10 16:50:54.520 | INFO     | sam3d_objects.pipeline.inference_pipeline:get_condition_input:641 - Running condition embedder ...
2026-06-10 16:50:54.576 | INFO     | sam3d_objects.pipeline.inference_pipeline:get_condition_input:645 - Condition embedder finishes!
2026-06-10 16:50:58.723 | INFO     | sam3d_objects.pipeline.inference_pipeline:sample_sparse_structure:722 - Downsampled coords from 18403 to 18400
2026-06-10 16:50:58.725 | INFO     | sam3d_objects.pipeline.inference_pipeline_pointmap:run:457 - Rescaling scale by 1 after downsampling
2026-06-10 16:50:58.725 | INFO     | sam3d_objects.pipeline.inference_pipeline:sample_slat:753 - Sampling sparse latent: inference_steps=25, strength=1, interval=[0, 500], rescale_t=1
2026-06-10 16:50:58.726 | INFO     | sam3d_objects.pipeline.inference_pipeline:get_condition_input:641 - Running condition embedder ...
2026-06-10 16:50:58.759 | INFO     | sam3d_objects.pipeline.inference_pipeline:get_condition_input:645 - Condition embedder finishes!
2026-06-10 16:51:03.464 | INFO     | sam3d_objects.pipeline.inference_pipeline:decode_slat:614 - Decoding sparse latent...
2026-06-10 16:51:03.848 | INFO     | sam3d_objects.pipeline.inference_pipeline:postprocess_slat_output:542 - Postprocessing mesh with option with_mesh_postprocess False, with_texture_baking False...
2026-06-10 16:51:03.848 | INFO     | sam3d_objects.pipeline.inference_pipeline_pointmap:run:579 - Finished!
[ 95] cup      gt_iso=0.114 pred=0.140 rel_gtpm=0.234  moge=0.888
2026-06-10 16:51:03.894 | INFO     | sam3d_objects.pipeline.inference_pipeline:sample_sparse_structure:672 - Sampling sparse structure: inference_steps=25, strength=7, interval=[0, 500], rescale_t=3, cfg_strength_pm=0.0
2026-06-10 16:51:03.895 | INFO     | sam3d_objects.pipeline.inference_pipeline:get_condition_input:641 - Running condition embedder ...
2026-06-10 16:51:03.951 | INFO     | sam3d_objects.pipeline.inference_pipeline:get_condition_input:645 - Condition embedder finishes!
2026-06-10 16:51:08.091 | INFO     | sam3d_objects.pipeline.inference_pipeline:sample_sparse_structure:722 - Downsampled coords from 21238 to 20700
2026-06-10 16:51:08.094 | INFO     | sam3d_objects.pipeline.inference_pipeline_pointmap:run:457 - Rescaling scale by 1 after downsampling
2026-06-10 16:51:08.094 | INFO     | sam3d_objects.pipeline.inference_pipeline:sample_slat:753 - Sampling sparse latent: inference_steps=25, strength=1, interval=[0, 500], rescale_t=1
2026-06-10 16:51:08.094 | INFO     | sam3d_objects.pipeline.inference_pipeline:get_condition_input:641 - Running condition embedder ...
2026-06-10 16:51:08.127 | INFO     | sam3d_objects.pipeline.inference_pipeline:get_condition_input:645 - Condition embedder finishes!
2026-06-10 16:51:13.716 | INFO     | sam3d_objects.pipeline.inference_pipeline:decode_slat:614 - Decoding sparse latent...
2026-06-10 16:51:14.210 | INFO     | sam3d_objects.pipeline.inference_pipeline:postprocess_slat_output:542 - Postprocessing mesh with option with_mesh_postprocess False, with_texture_baking False...
2026-06-10 16:51:14.210 | INFO     | sam3d_objects.pipeline.inference_pipeline_pointmap:run:579 - Finished!
2026-06-10 16:51:14.345 | INFO     | sam3d_objects.pipeline.inference_pipeline:sample_sparse_structure:672 - Sampling sparse structure: inference_steps=25, strength=7, interval=[0, 500], rescale_t=3, cfg_strength_pm=0.0
2026-06-10 16:51:14.346 | INFO     | sam3d_objects.pipeline.inference_pipeline:get_condition_input:641 - Running condition embedder ...
2026-06-10 16:51:14.402 | INFO     | sam3d_objects.pipeline.inference_pipeline:get_condition_input:645 - Condition embedder finishes!
2026-06-10 16:51:18.551 | INFO     | sam3d_objects.pipeline.inference_pipeline:sample_sparse_structure:722 - Downsampled coords from 22718 to 22049
2026-06-10 16:51:18.554 | INFO     | sam3d_objects.pipeline.inference_pipeline_pointmap:run:457 - Rescaling scale by 1 after downsampling
2026-06-10 16:51:18.554 | INFO     | sam3d_objects.pipeline.inference_pipeline:sample_slat:753 - Sampling sparse latent: inference_steps=25, strength=1, interval=[0, 500], rescale_t=1
2026-06-10 16:51:18.554 | INFO     | sam3d_objects.pipeline.inference_pipeline:get_condition_input:641 - Running condition embedder ...
2026-06-10 16:51:18.587 | INFO     | sam3d_objects.pipeline.inference_pipeline:get_condition_input:645 - Condition embedder finishes!
2026-06-10 16:51:24.265 | INFO     | sam3d_objects.pipeline.inference_pipeline:decode_slat:614 - Decoding sparse latent...
2026-06-10 16:51:24.817 | INFO     | sam3d_objects.pipeline.inference_pipeline:postprocess_slat_output:542 - Postprocessing mesh with option with_mesh_postprocess False, with_texture_baking False...
2026-06-10 16:51:24.817 | INFO     | sam3d_objects.pipeline.inference_pipeline_pointmap:run:579 - Finished!
[ 96] camera   gt_iso=0.152 pred=0.150 rel_gtpm=0.012  moge=0.725
2026-06-10 16:51:24.867 | INFO     | sam3d_objects.pipeline.inference_pipeline:sample_sparse_structure:672 - Sampling sparse structure: inference_steps=25, strength=7, interval=[0, 500], rescale_t=3, cfg_strength_pm=0.0
2026-06-10 16:51:24.867 | INFO     | sam3d_objects.pipeline.inference_pipeline:get_condition_input:641 - Running condition embedder ...
2026-06-10 16:51:24.923 | INFO     | sam3d_objects.pipeline.inference_pipeline:get_condition_input:645 - Condition embedder finishes!
2026-06-10 16:51:29.064 | INFO     | sam3d_objects.pipeline.inference_pipeline:sample_sparse_structure:722 - Downsampled coords from 27075 to 26043
2026-06-10 16:51:29.067 | INFO     | sam3d_objects.pipeline.inference_pipeline_pointmap:run:457 - Rescaling scale by 1 after downsampling
2026-06-10 16:51:29.067 | INFO     | sam3d_objects.pipeline.inference_pipeline:sample_slat:753 - Sampling sparse latent: inference_steps=25, strength=1, interval=[0, 500], rescale_t=1
2026-06-10 16:51:29.067 | INFO     | sam3d_objects.pipeline.inference_pipeline:get_condition_input:641 - Running condition embedder ...
2026-06-10 16:51:29.100 | INFO     | sam3d_objects.pipeline.inference_pipeline:get_condition_input:645 - Condition embedder finishes!
2026-06-10 16:51:35.664 | INFO     | sam3d_objects.pipeline.inference_pipeline:decode_slat:614 - Decoding sparse latent...
2026-06-10 16:51:36.388 | INFO     | sam3d_objects.pipeline.inference_pipeline:postprocess_slat_output:542 - Postprocessing mesh with option with_mesh_postprocess False, with_texture_baking False...
2026-06-10 16:51:36.388 | INFO     | sam3d_objects.pipeline.inference_pipeline_pointmap:run:579 - Finished!
2026-06-10 16:51:36.527 | INFO     | sam3d_objects.pipeline.inference_pipeline:sample_sparse_structure:672 - Sampling sparse structure: inference_steps=25, strength=7, interval=[0, 500], rescale_t=3, cfg_strength_pm=0.0
2026-06-10 16:51:36.527 | INFO     | sam3d_objects.pipeline.inference_pipeline:get_condition_input:641 - Running condition embedder ...
2026-06-10 16:51:36.583 | INFO     | sam3d_objects.pipeline.inference_pipeline:get_condition_input:645 - Condition embedder finishes!
2026-06-10 16:51:40.734 | INFO     | sam3d_objects.pipeline.inference_pipeline:sample_sparse_structure:722 - Downsampled coords from 23742 to 23465
2026-06-10 16:51:40.736 | INFO     | sam3d_objects.pipeline.inference_pipeline_pointmap:run:457 - Rescaling scale by 1 after downsampling
2026-06-10 16:51:40.737 | INFO     | sam3d_objects.pipeline.inference_pipeline:sample_slat:753 - Sampling sparse latent: inference_steps=25, strength=1, interval=[0, 500], rescale_t=1
2026-06-10 16:51:40.737 | INFO     | sam3d_objects.pipeline.inference_pipeline:get_condition_input:641 - Running condition embedder ...
2026-06-10 16:51:40.770 | INFO     | sam3d_objects.pipeline.inference_pipeline:get_condition_input:645 - Condition embedder finishes!
2026-06-10 16:51:47.143 | INFO     | sam3d_objects.pipeline.inference_pipeline:decode_slat:614 - Decoding sparse latent...
2026-06-10 16:51:47.755 | INFO     | sam3d_objects.pipeline.inference_pipeline:postprocess_slat_output:542 - Postprocessing mesh with option with_mesh_postprocess False, with_texture_baking False...
2026-06-10 16:51:47.755 | INFO     | sam3d_objects.pipeline.inference_pipeline_pointmap:run:579 - Finished!
[ 97] camera   gt_iso=0.152 pred=0.148 rel_gtpm=0.028  moge=0.437
2026-06-10 16:51:47.806 | INFO     | sam3d_objects.pipeline.inference_pipeline:sample_sparse_structure:672 - Sampling sparse structure: inference_steps=25, strength=7, interval=[0, 500], rescale_t=3, cfg_strength_pm=0.0
2026-06-10 16:51:47.806 | INFO     | sam3d_objects.pipeline.inference_pipeline:get_condition_input:641 - Running condition embedder ...
2026-06-10 16:51:47.863 | INFO     | sam3d_objects.pipeline.inference_pipeline:get_condition_input:645 - Condition embedder finishes!
2026-06-10 16:51:51.999 | INFO     | sam3d_objects.pipeline.inference_pipeline:sample_sparse_structure:722 - Downsampled coords from 7726 to 7726
2026-06-10 16:51:52.002 | INFO     | sam3d_objects.pipeline.inference_pipeline_pointmap:run:457 - Rescaling scale by 1 after downsampling
2026-06-10 16:51:52.002 | INFO     | sam3d_objects.pipeline.inference_pipeline:sample_slat:753 - Sampling sparse latent: inference_steps=25, strength=1, interval=[0, 500], rescale_t=1
2026-06-10 16:51:52.002 | INFO     | sam3d_objects.pipeline.inference_pipeline:get_condition_input:641 - Running condition embedder ...
2026-06-10 16:51:52.035 | INFO     | sam3d_objects.pipeline.inference_pipeline:get_condition_input:645 - Condition embedder finishes!
2026-06-10 16:51:54.731 | INFO     | sam3d_objects.pipeline.inference_pipeline:decode_slat:614 - Decoding sparse latent...
2026-06-10 16:51:54.858 | INFO     | sam3d_objects.pipeline.inference_pipeline:postprocess_slat_output:542 - Postprocessing mesh with option with_mesh_postprocess False, with_texture_baking False...
2026-06-10 16:51:54.858 | INFO     | sam3d_objects.pipeline.inference_pipeline_pointmap:run:579 - Finished!
2026-06-10 16:51:54.982 | INFO     | sam3d_objects.pipeline.inference_pipeline:sample_sparse_structure:672 - Sampling sparse structure: inference_steps=25, strength=7, interval=[0, 500], rescale_t=3, cfg_strength_pm=0.0
2026-06-10 16:51:54.982 | INFO     | sam3d_objects.pipeline.inference_pipeline:get_condition_input:641 - Running condition embedder ...
2026-06-10 16:51:55.038 | INFO     | sam3d_objects.pipeline.inference_pipeline:get_condition_input:645 - Condition embedder finishes!
2026-06-10 16:51:59.187 | INFO     | sam3d_objects.pipeline.inference_pipeline:sample_sparse_structure:722 - Downsampled coords from 7719 to 7719
2026-06-10 16:51:59.190 | INFO     | sam3d_objects.pipeline.inference_pipeline_pointmap:run:457 - Rescaling scale by 1 after downsampling
2026-06-10 16:51:59.190 | INFO     | sam3d_objects.pipeline.inference_pipeline:sample_slat:753 - Sampling sparse latent: inference_steps=25, strength=1, interval=[0, 500], rescale_t=1
2026-06-10 16:51:59.190 | INFO     | sam3d_objects.pipeline.inference_pipeline:get_condition_input:641 - Running condition embedder ...
2026-06-10 16:51:59.223 | INFO     | sam3d_objects.pipeline.inference_pipeline:get_condition_input:645 - Condition embedder finishes!
2026-06-10 16:52:01.918 | INFO     | sam3d_objects.pipeline.inference_pipeline:decode_slat:614 - Decoding sparse latent...
2026-06-10 16:52:02.044 | INFO     | sam3d_objects.pipeline.inference_pipeline:postprocess_slat_output:542 - Postprocessing mesh with option with_mesh_postprocess False, with_texture_baking False...
2026-06-10 16:52:02.044 | INFO     | sam3d_objects.pipeline.inference_pipeline_pointmap:run:579 - Finished!
[ 98] can      gt_iso=0.191 pred=0.194 rel_gtpm=0.012  moge=0.914
2026-06-10 16:52:02.086 | INFO     | sam3d_objects.pipeline.inference_pipeline:sample_sparse_structure:672 - Sampling sparse structure: inference_steps=25, strength=7, interval=[0, 500], rescale_t=3, cfg_strength_pm=0.0
2026-06-10 16:52:02.087 | INFO     | sam3d_objects.pipeline.inference_pipeline:get_condition_input:641 - Running condition embedder ...
2026-06-10 16:52:02.143 | INFO     | sam3d_objects.pipeline.inference_pipeline:get_condition_input:645 - Condition embedder finishes!
2026-06-10 16:52:06.293 | INFO     | sam3d_objects.pipeline.inference_pipeline:sample_sparse_structure:722 - Downsampled coords from 28692 to 26830
2026-06-10 16:52:06.296 | INFO     | sam3d_objects.pipeline.inference_pipeline_pointmap:run:457 - Rescaling scale by 1 after downsampling
2026-06-10 16:52:06.296 | INFO     | sam3d_objects.pipeline.inference_pipeline:sample_slat:753 - Sampling sparse latent: inference_steps=25, strength=1, interval=[0, 500], rescale_t=1
2026-06-10 16:52:06.296 | INFO     | sam3d_objects.pipeline.inference_pipeline:get_condition_input:641 - Running condition embedder ...
2026-06-10 16:52:06.329 | INFO     | sam3d_objects.pipeline.inference_pipeline:get_condition_input:645 - Condition embedder finishes!
2026-06-10 16:52:14.169 | INFO     | sam3d_objects.pipeline.inference_pipeline:decode_slat:614 - Decoding sparse latent...
2026-06-10 16:52:14.933 | INFO     | sam3d_objects.pipeline.inference_pipeline:postprocess_slat_output:542 - Postprocessing mesh with option with_mesh_postprocess False, with_texture_baking False...
2026-06-10 16:52:14.933 | INFO     | sam3d_objects.pipeline.inference_pipeline_pointmap:run:579 - Finished!
2026-06-10 16:52:15.070 | INFO     | sam3d_objects.pipeline.inference_pipeline:sample_sparse_structure:672 - Sampling sparse structure: inference_steps=25, strength=7, interval=[0, 500], rescale_t=3, cfg_strength_pm=0.0
2026-06-10 16:52:15.070 | INFO     | sam3d_objects.pipeline.inference_pipeline:get_condition_input:641 - Running condition embedder ...
2026-06-10 16:52:15.126 | INFO     | sam3d_objects.pipeline.inference_pipeline:get_condition_input:645 - Condition embedder finishes!
2026-06-10 16:52:19.268 | INFO     | sam3d_objects.pipeline.inference_pipeline:sample_sparse_structure:722 - Downsampled coords from 28344 to 26875
2026-06-10 16:52:19.271 | INFO     | sam3d_objects.pipeline.inference_pipeline_pointmap:run:457 - Rescaling scale by 1 after downsampling
2026-06-10 16:52:19.271 | INFO     | sam3d_objects.pipeline.inference_pipeline:sample_slat:753 - Sampling sparse latent: inference_steps=25, strength=1, interval=[0, 500], rescale_t=1
2026-06-10 16:52:19.271 | INFO     | sam3d_objects.pipeline.inference_pipeline:get_condition_input:641 - Running condition embedder ...
2026-06-10 16:52:19.304 | INFO     | sam3d_objects.pipeline.inference_pipeline:get_condition_input:645 - Condition embedder finishes!
2026-06-10 16:52:26.792 | INFO     | sam3d_objects.pipeline.inference_pipeline:decode_slat:614 - Decoding sparse latent...
2026-06-10 16:52:27.551 | INFO     | sam3d_objects.pipeline.inference_pipeline:postprocess_slat_output:542 - Postprocessing mesh with option with_mesh_postprocess False, with_texture_baking False...
2026-06-10 16:52:27.551 | INFO     | sam3d_objects.pipeline.inference_pipeline_pointmap:run:579 - Finished!
[ 99] camera   gt_iso=0.152 pred=0.157 rel_gtpm=0.031  moge=0.675
2026-06-10 16:52:27.601 | INFO     | sam3d_objects.pipeline.inference_pipeline:sample_sparse_structure:672 - Sampling sparse structure: inference_steps=25, strength=7, interval=[0, 500], rescale_t=3, cfg_strength_pm=0.0
2026-06-10 16:52:27.601 | INFO     | sam3d_objects.pipeline.inference_pipeline:get_condition_input:641 - Running condition embedder ...
2026-06-10 16:52:27.658 | INFO     | sam3d_objects.pipeline.inference_pipeline:get_condition_input:645 - Condition embedder finishes!
2026-06-10 16:52:31.794 | INFO     | sam3d_objects.pipeline.inference_pipeline:sample_sparse_structure:722 - Downsampled coords from 37162 to 28645
2026-06-10 16:52:31.797 | INFO     | sam3d_objects.pipeline.inference_pipeline_pointmap:run:457 - Rescaling scale by 1 after downsampling
2026-06-10 16:52:31.797 | INFO     | sam3d_objects.pipeline.inference_pipeline:sample_slat:753 - Sampling sparse latent: inference_steps=25, strength=1, interval=[0, 500], rescale_t=1
2026-06-10 16:52:31.797 | INFO     | sam3d_objects.pipeline.inference_pipeline:get_condition_input:641 - Running condition embedder ...
2026-06-10 16:52:31.830 | INFO     | sam3d_objects.pipeline.inference_pipeline:get_condition_input:645 - Condition embedder finishes!
2026-06-10 16:52:39.970 | INFO     | sam3d_objects.pipeline.inference_pipeline:decode_slat:614 - Decoding sparse latent...
2026-06-10 16:52:40.828 | INFO     | sam3d_objects.pipeline.inference_pipeline:postprocess_slat_output:542 - Postprocessing mesh with option with_mesh_postprocess False, with_texture_baking False...
2026-06-10 16:52:40.828 | INFO     | sam3d_objects.pipeline.inference_pipeline_pointmap:run:579 - Finished!
2026-06-10 16:52:40.974 | INFO     | sam3d_objects.pipeline.inference_pipeline:sample_sparse_structure:672 - Sampling sparse structure: inference_steps=25, strength=7, interval=[0, 500], rescale_t=3, cfg_strength_pm=0.0
2026-06-10 16:52:40.974 | INFO     | sam3d_objects.pipeline.inference_pipeline:get_condition_input:641 - Running condition embedder ...
2026-06-10 16:52:41.030 | INFO     | sam3d_objects.pipeline.inference_pipeline:get_condition_input:645 - Condition embedder finishes!
2026-06-10 16:52:45.178 | INFO     | sam3d_objects.pipeline.inference_pipeline:sample_sparse_structure:722 - Downsampled coords from 36183 to 27631
2026-06-10 16:52:45.181 | INFO     | sam3d_objects.pipeline.inference_pipeline_pointmap:run:457 - Rescaling scale by 1 after downsampling
2026-06-10 16:52:45.181 | INFO     | sam3d_objects.pipeline.inference_pipeline:sample_slat:753 - Sampling sparse latent: inference_steps=25, strength=1, interval=[0, 500], rescale_t=1
2026-06-10 16:52:45.181 | INFO     | sam3d_objects.pipeline.inference_pipeline:get_condition_input:641 - Running condition embedder ...
2026-06-10 16:52:45.214 | INFO     | sam3d_objects.pipeline.inference_pipeline:get_condition_input:645 - Condition embedder finishes!
2026-06-10 16:52:53.275 | INFO     | sam3d_objects.pipeline.inference_pipeline:decode_slat:614 - Decoding sparse latent...
2026-06-10 16:52:54.077 | INFO     | sam3d_objects.pipeline.inference_pipeline:postprocess_slat_output:542 - Postprocessing mesh with option with_mesh_postprocess False, with_texture_baking False...
2026-06-10 16:52:54.077 | INFO     | sam3d_objects.pipeline.inference_pipeline_pointmap:run:579 - Finished!
[100] camera   gt_iso=0.113 pred=0.115 rel_gtpm=0.024  moge=0.840

=== NOCS isotropic metric-size error (frozen stock model) ===
GT-pointmap        n= 100  median=   6.7%  mean=   7.9%
MoGe-v1 pointmap   n= 100  median=  71.5%  mean=  78.2%

Reference: trained MetricScaleHead ~7% (NOCS), category-prior M1 13.5%.
wrote artifacts/metric_scale/metrics/gt_pointmap_metric_oracle.jsonl
